batch_idx,batch_cd,running_avg_cd,batch_f1_tau,running_avg_f1_tau,batch_f1_2tau,running_avg_f1_2tau
000000,0.000274,0.000021,0.613394,0.047184,0.818405,0.062954
000005,0.000454,0.000035,0.569336,0.043795,0.757139,0.058241
000010,0.000460,0.000035,0.579719,0.044594,0.761295,0.058561
000015,0.000431,0.000033,0.579477,0.044575,0.760726,0.058517
000020,0.000416,0.000032,0.573625,0.044125,0.758468,0.058344
000025,0.000399,0.000031,0.575158,0.044243,0.762043,0.058619
000030,0.000441,0.000034,0.567128,0.043625,0.751492,0.057807
000035,0.000460,0.000035,0.563120,0.043317,0.745667,0.057359
000040,0.000458,0.000035,0.556830,0.042833,0.740810,0.056985
000045,0.000455,0.000035,0.557241,0.042865,0.739372,0.056875
000050,0.000463,0.000036,0.551415,0.042417,0.733761,0.056443
000055,0.000460,0.000035,0.548537,0.042195,0.731934,0.056303
000060,0.000461,0.000035,0.547482,0.042114,0.731233,0.056249
000065,0.000456,0.000035,0.547239,0.042095,0.731635,0.056280
000070,0.000448,0.000034,0.547576,0.042121,0.734291,0.056484
000075,0.000449,0.000035,0.545465,0.041959,0.732503,0.056346
000080,0.000445,0.000034,0.545951,0.041996,0.733301,0.056408
000085,0.000449,0.000035,0.545157,0.041935,0.733243,0.056403
000090,0.000454,0.000035,0.543955,0.041843,0.732296,0.056330
000095,0.000450,0.000035,0.545265,0.041943,0.732935,0.056380
000100,0.000448,0.000034,0.545172,0.041936,0.732380,0.056337
000105,0.000451,0.000035,0.543752,0.041827,0.730889,0.056222
000110,0.000456,0.000035,0.541641,0.041665,0.728331,0.056025
000115,0.000452,0.000035,0.542739,0.041749,0.729302,0.056100
000120,0.000447,0.000034,0.544644,0.041896,0.731320,0.056255
000125,0.000444,0.000034,0.547148,0.042088,0.733602,0.056431
000130,0.000445,0.000034,0.546762,0.042059,0.733198,0.056400
000135,0.000448,0.000034,0.546896,0.042069,0.733276,0.056406
000140,0.000444,0.000034,0.548727,0.042210,0.734743,0.056519
000145,0.000454,0.000035,0.546885,0.042068,0.732264,0.056328
000150,0.000449,0.000035,0.547929,0.042148,0.733424,0.056417
000155,0.000446,0.000034,0.549421,0.042263,0.734660,0.056512
000160,0.000450,0.000035,0.550225,0.042325,0.735151,0.056550
000165,0.000452,0.000035,0.550862,0.042374,0.735387,0.056568
000170,0.000449,0.000035,0.551315,0.042409,0.735990,0.056615
000175,0.000450,0.000035,0.550752,0.042366,0.735134,0.056549
000180,0.000449,0.000035,0.552517,0.042501,0.736253,0.056635
000185,0.000467,0.000036,0.553125,0.042548,0.736149,0.056627
000190,0.000463,0.000036,0.554859,0.042681,0.737275,0.056713
000195,0.000459,0.000035,0.555953,0.042766,0.738492,0.056807
000200,0.000459,0.000035,0.556405,0.042800,0.738932,0.056841
000205,0.000462,0.000036,0.554713,0.042670,0.737531,0.056733
000210,0.000465,0.000036,0.553270,0.042559,0.735833,0.056603
000215,0.000462,0.000036,0.553559,0.042581,0.736388,0.056645
000220,0.000461,0.000035,0.553283,0.042560,0.736435,0.056649
000225,0.000463,0.000036,0.552584,0.042506,0.735684,0.056591
000230,0.000465,0.000036,0.553753,0.042596,0.736546,0.056657
000235,0.000466,0.000036,0.553505,0.042577,0.736030,0.056618
000240,0.000464,0.000036,0.554330,0.042641,0.736683,0.056668
000245,0.000462,0.000036,0.553474,0.042575,0.736418,0.056648
000250,0.000460,0.000035,0.553649,0.042588,0.736690,0.056668
000255,0.000459,0.000035,0.554026,0.042617,0.736894,0.056684
000260,0.000458,0.000035,0.554892,0.042684,0.737702,0.056746
000265,0.000460,0.000035,0.553424,0.042571,0.736543,0.056657
000270,0.000457,0.000035,0.554321,0.042640,0.737531,0.056733
000275,0.000454,0.000035,0.555381,0.042722,0.738517,0.056809
000280,0.000455,0.000035,0.554601,0.042662,0.737647,0.056742
000285,0.000455,0.000035,0.554009,0.042616,0.737157,0.056704
000290,0.000457,0.000035,0.553594,0.042584,0.736301,0.056639
000295,0.000456,0.000035,0.552974,0.042536,0.735809,0.056601
000300,0.000455,0.000035,0.552874,0.042529,0.735826,0.056602
000305,0.000457,0.000035,0.551666,0.042436,0.734689,0.056515
000310,0.000459,0.000035,0.551679,0.042437,0.734616,0.056509
000315,0.000457,0.000035,0.552341,0.042488,0.735222,0.056556
000320,0.000454,0.000035,0.553313,0.042563,0.736276,0.056637
000325,0.000456,0.000035,0.552205,0.042477,0.735340,0.056565
000330,0.000459,0.000035,0.551622,0.042432,0.734562,0.056505
000335,0.000457,0.000035,0.552736,0.042518,0.735508,0.056578
000340,0.000457,0.000035,0.552642,0.042511,0.735358,0.056566
000345,0.000457,0.000035,0.552528,0.042502,0.735221,0.056555
000350,0.000455,0.000035,0.552621,0.042509,0.735441,0.056572
000355,0.000453,0.000035,0.554316,0.042640,0.736859,0.056681
000360,0.000451,0.000035,0.554754,0.042673,0.737286,0.056714
000365,0.000453,0.000035,0.554358,0.042643,0.736698,0.056669
000370,0.000452,0.000035,0.554471,0.042652,0.736977,0.056691
000375,0.000452,0.000035,0.554264,0.042636,0.736707,0.056670
000380,0.000454,0.000035,0.553638,0.042588,0.736106,0.056624
000385,0.000454,0.000035,0.553543,0.042580,0.736077,0.056621
000390,0.000452,0.000035,0.554232,0.042633,0.736583,0.056660
000395,0.000450,0.000035,0.555341,0.042719,0.737591,0.056738
000400,0.000449,0.000063,0.556218,0.090967,0.738387,0.118485
000405,0.000447,0.000061,0.557433,0.092105,0.739402,0.119230
000410,0.000447,0.000062,0.558103,0.091318,0.739930,0.118440
000415,0.000445,0.000061,0.559409,0.092015,0.740813,0.118666
000420,0.000443,0.000061,0.560459,0.092125,0.741515,0.118586
000425,0.000442,0.000060,0.561791,0.092542,0.742442,0.118803
000430,0.000440,0.000060,0.563400,0.093133,0.743596,0.119197
000435,0.000439,0.000060,0.563602,0.092408,0.743869,0.118762
000440,0.000438,0.000060,0.564547,0.092417,0.744660,0.118826
000445,0.000437,0.000060,0.565196,0.092234,0.745004,0.118579
000450,0.000436,0.000060,0.566014,0.092201,0.745692,0.118602
000455,0.000435,0.000060,0.567172,0.092385,0.746622,0.118773
000460,0.000434,0.000060,0.568263,0.092518,0.747357,0.118820
000465,0.000434,0.000061,0.568875,0.092396,0.747777,0.118707
000470,0.000433,0.000061,0.569592,0.092348,0.748304,0.118665
000475,0.000432,0.000061,0.569905,0.092127,0.748557,0.118507
000480,0.000431,0.000061,0.570862,0.092217,0.749365,0.118614
000485,0.000430,0.000061,0.571721,0.092264,0.750030,0.118656
000490,0.000429,0.000061,0.572814,0.092406,0.750882,0.118773
000495,0.000428,0.000061,0.574011,0.092583,0.751676,0.118863
000500,0.000426,0.000061,0.575125,0.092722,0.752654,0.119018
000505,0.000425,0.000061,0.575716,0.092669,0.753140,0.118991
000510,0.000426,0.000061,0.575510,0.092351,0.752832,0.118697
000515,0.000425,0.000061,0.576418,0.092428,0.753511,0.118753
000520,0.000424,0.000061,0.577287,0.092493,0.754159,0.118799
000525,0.000423,0.000061,0.578231,0.092581,0.754870,0.118866
000530,0.000423,0.000061,0.578661,0.092512,0.755087,0.118781
000535,0.000421,0.000061,0.579471,0.092562,0.755701,0.118821
000540,0.000421,0.000061,0.580044,0.092545,0.756149,0.118813
000545,0.000419,0.000061,0.580964,0.092630,0.756967,0.118912
000550,0.000418,0.000061,0.581826,0.092697,0.757491,0.118929
000555,0.000418,0.000061,0.582195,0.092633,0.757878,0.118910
000560,0.000418,0.000061,0.582149,0.092465,0.757776,0.118765
000565,0.000417,0.000061,0.582790,0.092483,0.758393,0.118814
000570,0.000416,0.000061,0.583484,0.092517,0.758955,0.118848
000575,0.000414,0.000060,0.584603,0.092656,0.759940,0.118988
000580,0.000414,0.000060,0.585150,0.092654,0.760338,0.118982
000585,0.000415,0.000061,0.584966,0.092481,0.760066,0.118818
000590,0.000415,0.000061,0.585111,0.092392,0.760089,0.118731
000595,0.000414,0.000082,0.586074,0.147146,0.760789,0.183791
000600,0.000414,0.000089,0.586446,0.143208,0.760894,0.180271
000605,0.000416,0.000098,0.586443,0.140995,0.760516,0.177746
000610,0.000417,0.000097,0.587594,0.143054,0.761253,0.179549
000615,0.000415,0.000092,0.589345,0.145495,0.762436,0.181511
000620,0.000414,0.000091,0.589981,0.145196,0.762842,0.181471
000625,0.000414,0.000091,0.590244,0.144457,0.762842,0.180858
000630,0.000413,0.000091,0.590932,0.144465,0.763257,0.180939
000635,0.000412,0.000090,0.591683,0.144553,0.763855,0.181216
000640,0.000412,0.000090,0.592585,0.144791,0.764404,0.181396
000645,0.000411,0.000090,0.592937,0.144481,0.764690,0.181302
000650,0.000411,0.000089,0.593686,0.144572,0.765120,0.181353
000655,0.000412,0.000091,0.593650,0.144028,0.764875,0.180859
000660,0.000415,0.000093,0.593402,0.143405,0.764359,0.180232
000665,0.000416,0.000093,0.593721,0.143263,0.764370,0.180056
000670,0.000414,0.000092,0.595032,0.143801,0.765234,0.180468
000675,0.000413,0.000092,0.595570,0.143800,0.765574,0.180510
000680,0.000423,0.000098,0.595189,0.143256,0.764881,0.179934
000685,0.000430,0.000101,0.594210,0.142428,0.763598,0.179079
000690,0.000431,0.000101,0.594469,0.142349,0.763547,0.178971
000695,0.000430,0.000101,0.595357,0.142608,0.764047,0.179159
000700,0.000429,0.000100,0.595690,0.142571,0.764147,0.179134
000705,0.000429,0.000100,0.596305,0.142675,0.764520,0.179243
000710,0.000428,0.000099,0.597168,0.142890,0.765087,0.179435
000715,0.000427,0.000099,0.597642,0.142918,0.765256,0.179436
000720,0.000426,0.000098,0.598868,0.143273,0.766059,0.179714
000725,0.000427,0.000098,0.599183,0.143225,0.766007,0.179616
000730,0.000427,0.000098,0.599780,0.143298,0.766370,0.179694
000735,0.000426,0.000097,0.600260,0.143322,0.766624,0.179725
000740,0.000427,0.000098,0.600270,0.143166,0.766437,0.179586
000745,0.000427,0.000098,0.600551,0.143123,0.766530,0.179560
000750,0.000430,0.000099,0.600328,0.142898,0.766054,0.179327
000755,0.000430,0.000098,0.600573,0.142854,0.766226,0.179338
000760,0.000431,0.000099,0.600409,0.142671,0.765964,0.179198
000765,0.000431,0.000098,0.600476,0.142576,0.765928,0.179142
000770,0.000431,0.000098,0.600525,0.142481,0.765907,0.179094
000775,0.000434,0.000099,0.600135,0.142248,0.765377,0.178882
000780,0.000433,0.000099,0.600847,0.142379,0.765826,0.178992
000785,0.000434,0.000099,0.600995,0.142328,0.765685,0.178914
000790,0.000433,0.000099,0.601645,0.142435,0.766039,0.178991
000795,0.000433,0.000099,0.601743,0.142373,0.765987,0.178943
000800,0.000433,0.000098,0.602076,0.142383,0.766099,0.178946
000805,0.000434,0.000099,0.602096,0.142304,0.766007,0.178890
000810,0.000434,0.000098,0.602741,0.142407,0.766299,0.178945
000815,0.000435,0.000099,0.602791,0.142340,0.766211,0.178893
000820,0.000435,0.000182,0.602984,0.166953,0.766266,0.215879
000825,0.000440,0.000192,0.602443,0.179693,0.765592,0.227337
000830,0.000440,0.000167,0.602401,0.183611,0.765415,0.231139
000835,0.000441,0.000158,0.602322,0.184912,0.765267,0.232652
000840,0.000441,0.000151,0.602324,0.185834,0.765306,0.234017
000845,0.000441,0.000148,0.602172,0.186015,0.765111,0.234266
000850,0.000441,0.000147,0.601983,0.186055,0.764916,0.234428
000855,0.000441,0.000145,0.601907,0.186286,0.764793,0.234674
000860,0.000441,0.000142,0.602320,0.187254,0.765023,0.235429
000865,0.000443,0.000144,0.601703,0.186520,0.764287,0.234621
000870,0.000444,0.000144,0.601331,0.186244,0.763804,0.234293
000875,0.000444,0.000144,0.600843,0.185872,0.763395,0.234107
000880,0.000446,0.000144,0.600448,0.185659,0.762936,0.233891
000885,0.000446,0.000143,0.600387,0.185820,0.762804,0.234041
000890,0.000445,0.000142,0.600349,0.185979,0.762796,0.234287
000895,0.000447,0.000143,0.599467,0.185350,0.761973,0.233761
000900,0.000447,0.000143,0.599190,0.185309,0.761666,0.233734
000905,0.000447,0.000142,0.599368,0.185639,0.761745,0.234022
000910,0.000446,0.000141,0.599376,0.185804,0.761782,0.234245
000915,0.000446,0.000140,0.599270,0.185867,0.761738,0.234386
000920,0.000445,0.000139,0.599427,0.186109,0.761883,0.234645
000925,0.000445,0.000139,0.599404,0.186208,0.761802,0.234729
000930,0.000447,0.000140,0.598940,0.186012,0.761302,0.234535
000935,0.000447,0.000140,0.598967,0.186135,0.761322,0.234677
000940,0.000447,0.000139,0.598985,0.186244,0.761275,0.234767
000945,0.000447,0.000139,0.598757,0.186201,0.761055,0.234749
000950,0.000449,0.000140,0.598482,0.186134,0.760696,0.234654
000955,0.000449,0.000140,0.598426,0.186189,0.760570,0.234690
000960,0.000451,0.000140,0.598086,0.186090,0.760142,0.234564
000965,0.000452,0.000141,0.598005,0.186129,0.760036,0.234609
000970,0.000452,0.000141,0.597753,0.186080,0.759689,0.234531
000975,0.000452,0.000140,0.597958,0.186253,0.759853,0.234702
000980,0.000451,0.000140,0.598024,0.186351,0.759940,0.234828
000985,0.000451,0.000139,0.598210,0.186498,0.760058,0.234960
000990,0.000450,0.000139,0.598390,0.186635,0.760186,0.235090
000995,0.000452,0.000140,0.598001,0.186517,0.759679,0.234936
001000,0.000453,0.000140,0.597973,0.186558,0.759617,0.234978
001005,0.000453,0.000140,0.597808,0.186539,0.759355,0.234934
001010,0.000454,0.000140,0.597483,0.186455,0.759023,0.234863
001015,0.000453,0.000139,0.597924,0.186680,0.759372,0.235066
001020,0.000452,0.000139,0.598377,0.186900,0.759671,0.235240
001025,0.000454,0.000140,0.598254,0.186890,0.759509,0.235231
001030,0.000456,0.000140,0.598031,0.186843,0.759352,0.235223
001035,0.000456,0.000140,0.597932,0.186843,0.759290,0.235251
001040,0.000457,0.000140,0.597734,0.186806,0.759070,0.235219
001045,0.000457,0.000140,0.598064,0.186959,0.759280,0.235341
001050,0.000457,0.000140,0.598363,0.187095,0.759431,0.235438
001055,0.000460,0.000141,0.598207,0.187070,0.759178,0.235392
001060,0.000460,0.000141,0.598320,0.187137,0.759289,0.235471
001065,0.000462,0.000141,0.598200,0.187123,0.759102,0.235448
001070,0.000462,0.000141,0.598259,0.187169,0.759072,0.235476
001075,0.000462,0.000141,0.598228,0.187183,0.758994,0.235487
001080,0.000462,0.000141,0.597970,0.187125,0.758730,0.235439
001085,0.000462,0.000140,0.598044,0.187172,0.758778,0.235490
001090,0.000462,0.000141,0.597695,0.187087,0.758471,0.235429
001095,0.000462,0.000140,0.597806,0.187145,0.758515,0.235476
001100,0.000462,0.000140,0.598041,0.187238,0.758655,0.235552
001105,0.000463,0.000140,0.597827,0.187195,0.758389,0.235504
001110,0.000463,0.000140,0.597608,0.187151,0.758191,0.235476
001115,0.000464,0.000140,0.597593,0.187168,0.758149,0.235495
001120,0.000464,0.000140,0.597737,0.187229,0.758215,0.235544
001125,0.000464,0.000140,0.597700,0.187237,0.758145,0.235552
001130,0.000464,0.000140,0.597917,0.187317,0.758322,0.235630
001135,0.000463,0.000140,0.597962,0.187346,0.758409,0.235681
001140,0.000464,0.000140,0.597717,0.187296,0.758186,0.235645
001145,0.000463,0.000140,0.597973,0.187382,0.758382,0.235723
001150,0.000463,0.000140,0.597995,0.187404,0.758392,0.235750
001155,0.000463,0.000139,0.597963,0.187410,0.758314,0.235752
001160,0.000464,0.000140,0.597696,0.187355,0.757985,0.235689
001165,0.000464,0.000140,0.597672,0.187363,0.758019,0.235721
001170,0.000464,0.000139,0.597682,0.187381,0.757997,0.235737
001175,0.000465,0.000140,0.597567,0.187366,0.757846,0.235721
001180,0.000466,0.000140,0.596998,0.187236,0.757246,0.235591
001185,0.000466,0.000140,0.596865,0.187218,0.757135,0.235586
001190,0.000466,0.000140,0.597110,0.187294,0.757350,0.235661
001195,0.000465,0.000139,0.597358,0.187368,0.757586,0.235739
001200,0.000465,0.000139,0.597295,0.187366,0.757527,0.235745
001205,0.000466,0.000139,0.597139,0.187342,0.757318,0.235714
001210,0.000467,0.000140,0.596879,0.187292,0.757052,0.235670
001215,0.000467,0.000140,0.596959,0.187324,0.757100,0.235701
001220,0.000467,0.000139,0.597018,0.187351,0.757155,0.235732
001225,0.000466,0.000139,0.596988,0.187356,0.757164,0.235753
001230,0.000468,0.000140,0.596792,0.187323,0.756921,0.235714
001235,0.000467,0.000139,0.596871,0.187353,0.756957,0.235741
001240,0.000469,0.000140,0.596681,0.187321,0.756731,0.235707
001245,0.000468,0.000140,0.596648,0.187325,0.756762,0.235731
001250,0.000468,0.000139,0.596602,0.187327,0.756733,0.235741
001255,0.000468,0.000139,0.596512,0.187318,0.756601,0.235729
001260,0.000471,0.000140,0.596214,0.187263,0.756190,0.235654
001265,0.000472,0.000140,0.595755,0.187174,0.755740,0.235573
001270,0.000473,0.000140,0.595643,0.187162,0.755582,0.235556
001275,0.000473,0.000140,0.595595,0.187164,0.755557,0.235567
001280,0.000473,0.000140,0.595417,0.187137,0.755367,0.235543
001285,0.000473,0.000140,0.595399,0.187145,0.755329,0.235551
001290,0.000474,0.000140,0.595422,0.187161,0.755288,0.235559
001295,0.000473,0.000140,0.595774,0.187246,0.755559,0.235632
001300,0.000474,0.000140,0.595563,0.187212,0.755339,0.235601
001305,0.000473,0.000140,0.595835,0.187279,0.755589,0.235668
001310,0.000473,0.000140,0.595562,0.187233,0.755372,0.235638
001315,0.000474,0.000140,0.595524,0.187235,0.755281,0.235634
001320,0.000474,0.000140,0.595435,0.187227,0.755162,0.235624
001325,0.000473,0.000140,0.595595,0.187269,0.755285,0.235663
001330,0.000473,0.000140,0.595815,0.187322,0.755495,0.235719
001335,0.000472,0.000139,0.595895,0.187347,0.755504,0.235734
001340,0.000472,0.000139,0.595838,0.187344,0.755484,0.235743
001345,0.000473,0.000139,0.595944,0.187374,0.755449,0.235749
001350,0.000473,0.000139,0.595703,0.187335,0.755200,0.235713
001355,0.000475,0.000140,0.595098,0.187226,0.754590,0.235606
001360,0.000475,0.000140,0.595356,0.187285,0.754745,0.235649
001365,0.000474,0.000140,0.595395,0.187300,0.754795,0.235672
001370,0.000474,0.000139,0.595565,0.187341,0.754904,0.235705
001375,0.000474,0.000139,0.595582,0.187352,0.754913,0.235719
001380,0.000474,0.000139,0.595545,0.187353,0.754875,0.235723
001385,0.000476,0.000140,0.595251,0.187305,0.754518,0.235668
001390,0.000476,0.000140,0.595270,0.187317,0.754551,0.235685
001395,0.000476,0.000140,0.595086,0.187290,0.754363,0.235662
001400,0.000476,0.000140,0.595178,0.187315,0.754466,0.235693
001405,0.000475,0.000139,0.595370,0.187358,0.754599,0.235728
001410,0.000476,0.000139,0.595176,0.187330,0.754430,0.235708
001415,0.000476,0.000139,0.595096,0.187322,0.754305,0.235696
001420,0.000476,0.000139,0.594942,0.187301,0.754135,0.235676
001425,0.000476,0.000139,0.595201,0.187356,0.754337,0.235724
001430,0.000475,0.000139,0.595256,0.187372,0.754424,0.235750
001435,0.000475,0.000139,0.595571,0.187436,0.754657,0.235802
001440,0.000475,0.000139,0.595887,0.187499,0.754918,0.235858
001445,0.000476,0.000139,0.595463,0.187429,0.754478,0.235789
001450,0.000477,0.000139,0.595154,0.187381,0.754152,0.235741
001455,0.000477,0.000139,0.595065,0.187371,0.754079,0.235738
001460,0.000478,0.000139,0.594975,0.187362,0.753970,0.235729
001465,0.000477,0.000139,0.595148,0.187399,0.754153,0.235770
001470,0.000477,0.000139,0.595269,0.187426,0.754205,0.235789
001475,0.000477,0.000139,0.595055,0.187394,0.753982,0.235759
001480,0.000477,0.000139,0.595101,0.187408,0.754026,0.235776
001485,0.000478,0.000139,0.594816,0.187365,0.753702,0.235729
001490,0.000478,0.000139,0.595214,0.187440,0.754036,0.235796
001495,0.000478,0.000139,0.595178,0.187439,0.754008,0.235799
001500,0.000480,0.000140,0.595019,0.187417,0.753748,0.235764
001505,0.000479,0.000139,0.594951,0.187412,0.753694,0.235764
001510,0.000479,0.000139,0.594912,0.187411,0.753703,0.235774
001515,0.000479,0.000139,0.594922,0.187418,0.753699,0.235781
001520,0.000479,0.000139,0.594825,0.187407,0.753611,0.235775
001525,0.000478,0.000139,0.594806,0.187409,0.753637,0.235788
001530,0.000479,0.000139,0.594722,0.187401,0.753516,0.235776
001535,0.000479,0.000139,0.594864,0.187429,0.753629,0.235802
001540,0.000479,0.000139,0.594653,0.187400,0.753439,0.235779
001545,0.000478,0.000139,0.594907,0.187447,0.753646,0.235821
001550,0.000479,0.000139,0.594731,0.187423,0.753453,0.235797
001555,0.000479,0.000139,0.594653,0.187415,0.753381,0.235793
001560,0.000478,0.000139,0.594766,0.187438,0.753443,0.235811
001565,0.000478,0.000139,0.594980,0.187478,0.753582,0.235841
001570,0.000478,0.000139,0.594785,0.187451,0.753416,0.235821
001575,0.000478,0.000139,0.594677,0.187439,0.753309,0.235811
001580,0.000478,0.000139,0.594558,0.187424,0.753178,0.235798
001585,0.000478,0.000139,0.594695,0.187451,0.753297,0.235824
001590,0.000478,0.000139,0.594527,0.187429,0.753126,0.235804
001595,0.000479,0.000139,0.594403,0.187414,0.752995,0.235790
001600,0.000478,0.000139,0.594478,0.187430,0.753055,0.235807
001605,0.000478,0.000139,0.594567,0.187449,0.753131,0.235826
001610,0.000478,0.000139,0.594540,0.187449,0.753132,0.235833
001615,0.000479,0.000139,0.594358,0.187425,0.752868,0.235798
001620,0.000479,0.000139,0.594405,0.187437,0.752927,0.235814
001625,0.000480,0.000139,0.594302,0.187425,0.752779,0.235798
001630,0.000481,0.000139,0.594420,0.187448,0.752851,0.235816
001635,0.000481,0.000139,0.594317,0.187436,0.752787,0.235812
001640,0.000481,0.000139,0.594186,0.187420,0.752659,0.235799
001645,0.000481,0.000139,0.594176,0.187423,0.752690,0.235810
001650,0.000481,0.000139,0.594221,0.187434,0.752737,0.235824
001655,0.000481,0.000139,0.594339,0.187456,0.752838,0.235846
001660,0.000481,0.000139,0.594371,0.187465,0.752827,0.235850
001665,0.000480,0.000139,0.594705,0.187519,0.753089,0.235896
001670,0.000480,0.000165,0.594988,0.237944,0.753299,0.297237
001675,0.000480,0.000178,0.594787,0.232266,0.753084,0.292077
001680,0.000480,0.000178,0.594887,0.233590,0.753186,0.293687
001685,0.000481,0.000178,0.594865,0.233360,0.753107,0.293184
001690,0.000481,0.000179,0.594914,0.233617,0.753072,0.293130
001695,0.000481,0.000181,0.594714,0.232652,0.752871,0.292338
001700,0.000482,0.000181,0.594663,0.232547,0.752792,0.292255
001705,0.000482,0.000183,0.594451,0.231923,0.752510,0.291497
001710,0.000484,0.000186,0.594312,0.231659,0.752346,0.291267
001715,0.000484,0.000186,0.594280,0.231736,0.752272,0.291327
001720,0.000486,0.000189,0.594210,0.231705,0.752198,0.291373
001725,0.000485,0.000188,0.594070,0.231520,0.752109,0.291375
001730,0.000486,0.000188,0.593900,0.231299,0.751904,0.291134
001735,0.000486,0.000187,0.593947,0.231531,0.751895,0.291308
001740,0.000486,0.000187,0.593721,0.231236,0.751704,0.291127
001745,0.000487,0.000187,0.593514,0.231008,0.751483,0.290914
001750,0.000487,0.000186,0.593406,0.230965,0.751407,0.290960
001755,0.000487,0.000186,0.593437,0.231138,0.751408,0.291117
001760,0.000488,0.000187,0.593251,0.230979,0.751175,0.290919
001765,0.000488,0.000187,0.593044,0.230805,0.750940,0.290736
001770,0.000488,0.000186,0.593179,0.231096,0.751027,0.290993
001775,0.000489,0.000187,0.592908,0.230851,0.750743,0.290759
001780,0.000489,0.000186,0.592886,0.230925,0.750728,0.290869
001785,0.000489,0.000186,0.593041,0.231199,0.750883,0.291167
001790,0.000488,0.000185,0.593008,0.231241,0.750864,0.291247
001795,0.000489,0.000185,0.593068,0.231380,0.750878,0.291356
001800,0.000489,0.000184,0.593056,0.231434,0.750811,0.291373
001805,0.000489,0.000227,0.593066,0.280572,0.750786,0.348650
001810,0.000488,0.000206,0.593749,0.292058,0.751226,0.358103
001815,0.000487,0.000208,0.594370,0.293087,0.751604,0.358814
001820,0.000487,0.000205,0.594990,0.293519,0.752043,0.359616
001825,0.000489,0.000223,0.595146,0.290776,0.751990,0.356897
001830,0.000488,0.000220,0.595600,0.290632,0.752253,0.356851
001835,0.000488,0.000219,0.596185,0.291126,0.752594,0.357174
001840,0.000487,0.000217,0.596597,0.290835,0.752838,0.357044
001845,0.000487,0.000216,0.597009,0.290618,0.753091,0.356982
001850,0.000487,0.000216,0.597510,0.290728,0.753354,0.356965
001855,0.000487,0.000218,0.597484,0.289369,0.753250,0.355941
001860,0.000488,0.000220,0.597645,0.288720,0.753239,0.355335
001865,0.000488,0.000220,0.597973,0.288567,0.753416,0.355261
001870,0.000487,0.000219,0.598378,0.288607,0.753642,0.355305
001875,0.000486,0.000217,0.598945,0.288972,0.754030,0.355675
001880,0.000485,0.000216,0.599556,0.289376,0.754477,0.356109
001885,0.000487,0.000219,0.599832,0.289144,0.754532,0.355799
001890,0.000487,0.000219,0.600327,0.289307,0.754837,0.355944
001895,0.000486,0.000217,0.600929,0.289627,0.755232,0.356220
001900,0.000485,0.000216,0.601608,0.290035,0.755707,0.356590
001905,0.000486,0.000218,0.601789,0.289690,0.755722,0.356266
001910,0.000485,0.000217,0.602288,0.289818,0.756022,0.356364
001915,0.000485,0.000217,0.602752,0.289891,0.756307,0.356436
001920,0.000484,0.000216,0.603436,0.290240,0.756783,0.356744
001925,0.000485,0.000217,0.603581,0.289908,0.756776,0.356443
001930,0.000484,0.000217,0.604166,0.290119,0.757163,0.356627
001935,0.000484,0.000216,0.604472,0.290001,0.757387,0.356616
001940,0.000483,0.000216,0.605090,0.290234,0.757825,0.356840
001945,0.000482,0.000215,0.605751,0.290500,0.758279,0.357069
001950,0.000481,0.000215,0.606337,0.290675,0.758654,0.357202
001955,0.000481,0.000214,0.606776,0.290695,0.758951,0.357251
001960,0.000480,0.000214,0.607289,0.290788,0.759282,0.357332
001965,0.000480,0.000214,0.607729,0.290809,0.759572,0.357371
001970,0.000479,0.000213,0.608169,0.290830,0.759864,0.357411
001975,0.000480,0.000214,0.608379,0.290649,0.759942,0.357260
001980,0.000479,0.000214,0.608894,0.290742,0.760276,0.357338
001985,0.000479,0.000214,0.609251,0.290699,0.760501,0.357323
001990,0.000479,0.000214,0.609234,0.290354,0.760378,0.357024
001995,0.000479,0.000215,0.609671,0.290389,0.760631,0.357040
002000,0.000479,0.000214,0.610238,0.290527,0.760990,0.357140
002005,0.000478,0.000214,0.610787,0.290646,0.761367,0.357250
002010,0.000477,0.000213,0.611175,0.290641,0.761635,0.357275
002015,0.000477,0.000214,0.611593,0.290659,0.761900,0.357297
002020,0.000478,0.000214,0.611858,0.290568,0.762061,0.357245
002025,0.000477,0.000214,0.612210,0.290544,0.762243,0.357210
002030,0.000477,0.000214,0.612515,0.290489,0.762441,0.357188
002035,0.000476,0.000214,0.612840,0.290451,0.762610,0.357149
002040,0.000477,0.000214,0.613123,0.290388,0.762727,0.357077
002045,0.000478,0.000215,0.613523,0.290405,0.762957,0.357082
002050,0.000477,0.000215,0.613908,0.290412,0.763181,0.357083
002055,0.000478,0.000215,0.613933,0.290195,0.763085,0.356885
002060,0.000477,0.000215,0.614398,0.290258,0.763408,0.356952
002065,0.000477,0.000215,0.614824,0.290296,0.763692,0.356994
002070,0.000477,0.000215,0.615197,0.290302,0.763911,0.356997
002075,0.000477,0.000215,0.615489,0.290261,0.764084,0.356973
002080,0.000476,0.000215,0.615969,0.290331,0.764404,0.357036
002085,0.000476,0.000215,0.616336,0.290336,0.764600,0.357026
002090,0.000475,0.000214,0.616686,0.290332,0.764846,0.357045
002095,0.000475,0.000215,0.617009,0.290314,0.764998,0.357013
002100,0.000475,0.000236,0.617196,0.338900,0.765108,0.421376
002105,0.000475,0.000247,0.617158,0.336595,0.765119,0.416422
002110,0.000476,0.000262,0.616704,0.329942,0.764708,0.409618
002115,0.000478,0.000276,0.616384,0.329055,0.764432,0.408691
002120,0.000478,0.000277,0.615992,0.328022,0.764122,0.407937
002125,0.000478,0.000271,0.615947,0.329631,0.764147,0.409645
002130,0.000479,0.000271,0.615563,0.328870,0.763787,0.408702
002135,0.000479,0.000270,0.615361,0.329163,0.763660,0.409103
002140,0.000480,0.000270,0.615154,0.329361,0.763459,0.409102
002145,0.000480,0.000269,0.614942,0.329493,0.763313,0.409298
002150,0.000481,0.000269,0.614791,0.329794,0.763178,0.409486
002155,0.000481,0.000270,0.614460,0.329502,0.762904,0.409223
002160,0.000481,0.000268,0.614429,0.330079,0.762934,0.409839
002165,0.000481,0.000267,0.614370,0.330498,0.762934,0.410284
002170,0.000481,0.000266,0.614268,0.330751,0.762895,0.410575
002175,0.000482,0.000266,0.614002,0.330609,0.762657,0.410381
002180,0.000482,0.000265,0.613836,0.330687,0.762537,0.410458
002185,0.000482,0.000264,0.613664,0.330745,0.762472,0.410632
002190,0.000483,0.000265,0.613480,0.330773,0.762309,0.410603
002195,0.000483,0.000266,0.613245,0.330705,0.762121,0.410532
002200,0.000483,0.000265,0.613082,0.330765,0.762036,0.410641
002205,0.000484,0.000265,0.612869,0.330735,0.761868,0.410604
002210,0.000485,0.000266,0.612553,0.330549,0.761575,0.410377
002215,0.000485,0.000265,0.612658,0.331000,0.761752,0.410863
002220,0.000484,0.000264,0.612562,0.331128,0.761698,0.410981
002225,0.000485,0.000264,0.612349,0.331085,0.761537,0.410943
002230,0.000485,0.000264,0.612082,0.330973,0.761350,0.410873
002235,0.000485,0.000264,0.611954,0.331045,0.761237,0.410902
002240,0.000486,0.000264,0.611772,0.331045,0.761096,0.410894
002245,0.000486,0.000264,0.611632,0.331092,0.761041,0.410987
002250,0.000486,0.000264,0.611309,0.330927,0.760768,0.410822
002255,0.000487,0.000264,0.610962,0.330742,0.760460,0.410628
002260,0.000488,0.000265,0.610706,0.330667,0.760256,0.410557
002265,0.000488,0.000264,0.610613,0.330767,0.760207,0.410653
002270,0.000488,0.000264,0.610327,0.330663,0.759986,0.410566
002275,0.000488,0.000264,0.610212,0.330734,0.759921,0.410640
002280,0.000488,0.000264,0.609953,0.330660,0.759756,0.410612
002285,0.000488,0.000264,0.609993,0.330873,0.759823,0.410805
002290,0.000489,0.000264,0.609810,0.330869,0.759664,0.410779
002295,0.000489,0.000263,0.609628,0.330865,0.759562,0.410805
002300,0.000491,0.000265,0.609149,0.330598,0.759100,0.410511
002305,0.000495,0.000563,0.608771,0.361946,0.758682,0.449583
002310,0.000496,0.000426,0.608623,0.368311,0.758482,0.457156
002315,0.000497,0.000383,0.608646,0.372112,0.758460,0.461349
002320,0.000499,0.000382,0.608393,0.371068,0.758159,0.460437
002325,0.000501,0.000383,0.608140,0.370466,0.757810,0.459543
002330,0.000502,0.000373,0.608067,0.371229,0.757679,0.460347
002335,0.000502,0.000363,0.608109,0.372382,0.757699,0.461733
002340,0.000502,0.000355,0.608031,0.372663,0.757604,0.462207
002345,0.000502,0.000350,0.608002,0.373082,0.757543,0.462716
002350,0.000504,0.000352,0.607683,0.372326,0.757169,0.461935
002355,0.000503,0.000346,0.607936,0.373661,0.757336,0.463146
002360,0.000504,0.000343,0.607900,0.373862,0.757282,0.463459
002365,0.000503,0.000338,0.607903,0.374146,0.757313,0.463966
002370,0.000504,0.000339,0.607764,0.374006,0.757160,0.463905
002375,0.000505,0.000337,0.607778,0.374268,0.757106,0.464100
002380,0.000508,0.000343,0.607645,0.374151,0.756871,0.463844
002385,0.000510,0.000345,0.607503,0.374026,0.756640,0.463626
002390,0.000510,0.000343,0.607692,0.374608,0.756751,0.464145
002395,0.000510,0.000341,0.607684,0.374735,0.756696,0.464281
002400,0.000511,0.000341,0.607512,0.374543,0.756516,0.464167
002405,0.000512,0.000341,0.607437,0.374542,0.756442,0.464253
002410,0.000513,0.000341,0.607226,0.374307,0.756233,0.464098
002415,0.000515,0.000343,0.607013,0.374087,0.755926,0.463794
002420,0.000516,0.000342,0.606969,0.374152,0.755804,0.463806
002425,0.000518,0.000344,0.606885,0.374151,0.755635,0.463746
002430,0.000519,0.000343,0.606797,0.374142,0.755527,0.463778
002435,0.000522,0.000347,0.606584,0.373960,0.755263,0.463587
002440,0.000523,0.000346,0.606660,0.374180,0.755293,0.463808
002445,0.000523,0.000345,0.606669,0.374298,0.755273,0.463948
002450,0.000523,0.000343,0.606654,0.374378,0.755206,0.464019
002455,0.000525,0.000344,0.606184,0.373891,0.754672,0.463510
002460,0.000526,0.000344,0.606166,0.373974,0.754608,0.463592
002465,0.000527,0.000344,0.605830,0.373682,0.754234,0.463307
002470,0.000528,0.000345,0.605628,0.373557,0.753976,0.463171
002475,0.000528,0.000343,0.605794,0.373843,0.754091,0.463450
002480,0.000530,0.000344,0.605625,0.373755,0.753879,0.463364
002485,0.000533,0.000346,0.605571,0.373791,0.753759,0.463378
002490,0.000536,0.000349,0.605481,0.373789,0.753603,0.463355
002495,0.000537,0.000348,0.605423,0.373818,0.753484,0.463368
002500,0.000537,0.000347,0.605382,0.373862,0.753392,0.463407
002505,0.000537,0.000346,0.605289,0.373854,0.753286,0.463430
002510,0.000538,0.000346,0.605005,0.373668,0.752994,0.463279
002515,0.000538,0.000346,0.605133,0.373865,0.753010,0.463413
002520,0.000538,0.000345,0.605032,0.373850,0.752907,0.463436
002525,0.000539,0.000345,0.604820,0.373738,0.752666,0.463337
002530,0.000543,0.000347,0.604781,0.373778,0.752585,0.463378
002535,0.000543,0.000346,0.604841,0.373900,0.752627,0.463521
002540,0.000544,0.000346,0.604672,0.373827,0.752429,0.463460
002545,0.000545,0.000346,0.604512,0.373765,0.752210,0.463384
002550,0.000546,0.000346,0.604275,0.373644,0.751933,0.463265
002555,0.000546,0.000346,0.604269,0.373706,0.751849,0.463300
002560,0.000548,0.000346,0.604153,0.373683,0.751670,0.463260
002565,0.000548,0.000346,0.604256,0.373824,0.751664,0.463352
002570,0.000553,0.000348,0.603816,0.373559,0.751134,0.463053
002575,0.000553,0.000347,0.603805,0.373614,0.751096,0.463121
002580,0.000553,0.000347,0.603644,0.373560,0.750925,0.463091
002585,0.000554,0.000347,0.603662,0.373633,0.750872,0.463145
002590,0.000554,0.000346,0.603663,0.373693,0.750851,0.463219
002595,0.000555,0.000367,0.603767,0.429479,0.750903,0.528172
002600,0.000555,0.000364,0.603983,0.429042,0.751111,0.528848
002605,0.000554,0.000363,0.604408,0.432120,0.751422,0.530589
002610,0.000554,0.000367,0.604593,0.430885,0.751565,0.529536
002615,0.000553,0.000367,0.604906,0.431288,0.751824,0.529946
002620,0.000552,0.000365,0.605364,0.432595,0.752167,0.530815
002625,0.000552,0.000368,0.605438,0.431189,0.752241,0.529803
002630,0.000551,0.000367,0.605750,0.431412,0.752483,0.529939
002635,0.000551,0.000367,0.605942,0.431025,0.752674,0.529812
002640,0.000550,0.000367,0.606191,0.430960,0.752896,0.529842
002645,0.000550,0.000367,0.606514,0.431193,0.753115,0.529862
002650,0.000549,0.000367,0.606655,0.430755,0.753263,0.529632
002655,0.000548,0.000366,0.607060,0.431240,0.753607,0.530072
002660,0.000548,0.000366,0.607393,0.431444,0.753867,0.530200
002665,0.000547,0.000366,0.607543,0.431111,0.754023,0.530020
002670,0.000547,0.000367,0.607629,0.430653,0.754097,0.529651
002675,0.000547,0.000367,0.607854,0.430595,0.754259,0.529546
002680,0.000546,0.000367,0.608325,0.431118,0.754614,0.529904
002685,0.000545,0.000367,0.608620,0.431203,0.754867,0.530000
002690,0.000546,0.000369,0.608772,0.430977,0.754944,0.529717
002695,0.000545,0.000369,0.609071,0.431071,0.755168,0.529760
002700,0.000545,0.000368,0.609380,0.431177,0.755407,0.529827
002705,0.000545,0.000371,0.609358,0.430668,0.755340,0.529329
002710,0.000548,0.000376,0.609120,0.429821,0.755068,0.528509
002715,0.000547,0.000376,0.609318,0.429779,0.755193,0.528428
002720,0.000547,0.000375,0.609648,0.429957,0.755463,0.528590
002725,0.000546,0.000418,0.609860,0.486652,0.755584,0.589744
002730,0.000546,0.000401,0.610184,0.489460,0.755769,0.593246
002735,0.000545,0.000393,0.610724,0.493779,0.756151,0.597306
002740,0.000544,0.000392,0.611065,0.493037,0.756393,0.597186
002745,0.000545,0.000400,0.611259,0.491226,0.756506,0.595891
002750,0.000545,0.000401,0.611408,0.489737,0.756568,0.594674
002755,0.000544,0.000402,0.611629,0.489200,0.756669,0.594096
002760,0.000544,0.000400,0.612082,0.490157,0.756948,0.594714
002765,0.000544,0.000402,0.612262,0.489498,0.757021,0.594136
002770,0.000543,0.000402,0.612480,0.489159,0.757172,0.594042
002775,0.000543,0.000402,0.612791,0.489270,0.757371,0.594164
002780,0.000542,0.000400,0.613212,0.489784,0.757658,0.594599
002785,0.000542,0.000400,0.613362,0.489278,0.757763,0.594333
002790,0.000541,0.000401,0.613560,0.489003,0.757901,0.594219
002795,0.000541,0.000400,0.613951,0.489349,0.758182,0.594548
002800,0.000540,0.000399,0.614404,0.489825,0.758474,0.594867
002805,0.000540,0.000399,0.614608,0.489591,0.758571,0.594638
002810,0.000539,0.000400,0.614893,0.489589,0.758713,0.594545
002815,0.000539,0.000400,0.615052,0.489291,0.758827,0.594399
002820,0.000539,0.000400,0.615265,0.489147,0.758934,0.594253
002825,0.000538,0.000400,0.615533,0.489136,0.759115,0.594282
002830,0.000538,0.000401,0.615798,0.489120,0.759272,0.594258
002835,0.000538,0.000400,0.616208,0.489392,0.759538,0.594451
002840,0.000537,0.000400,0.616358,0.489156,0.759630,0.594304
002845,0.000537,0.000400,0.616645,0.489187,0.759807,0.594323
002850,0.000536,0.000399,0.617013,0.489358,0.760050,0.594454
002855,0.000537,0.000401,0.617096,0.489042,0.760041,0.594157
002860,0.000536,0.000401,0.617327,0.488988,0.760166,0.594097
002865,0.000536,0.000401,0.617576,0.488968,0.760282,0.594029
002870,0.000536,0.000401,0.617743,0.488826,0.760393,0.593958
002875,0.000535,0.000401,0.618143,0.489035,0.760666,0.594129
002880,0.000535,0.000401,0.618476,0.489137,0.760875,0.594200
002885,0.000534,0.000401,0.618862,0.489307,0.761145,0.594350
002890,0.000534,0.000400,0.619323,0.489569,0.761462,0.594557
002895,0.000533,0.000400,0.619594,0.489571,0.761652,0.594586
002900,0.000533,0.000400,0.619915,0.489637,0.761898,0.594686
002905,0.000532,0.000399,0.620183,0.489637,0.762099,0.594727
002910,0.000532,0.000399,0.620302,0.489458,0.762168,0.594608
002915,0.000532,0.000400,0.620333,0.489187,0.762120,0.594358
002920,0.000531,0.000400,0.620674,0.489282,0.762361,0.594452
002925,0.000531,0.000400,0.620780,0.489113,0.762377,0.594290
002930,0.000531,0.000400,0.621025,0.489105,0.762521,0.594275
002935,0.000531,0.000401,0.621203,0.489025,0.762597,0.594190
002940,0.000531,0.000401,0.621385,0.488954,0.762681,0.594117
002945,0.000531,0.000402,0.621642,0.488963,0.762822,0.594105
002950,0.000531,0.000401,0.622059,0.489134,0.763119,0.594251
002955,0.000530,0.000401,0.622338,0.489163,0.763271,0.594250
002960,0.000530,0.000401,0.622518,0.489096,0.763387,0.594214
002965,0.000530,0.000401,0.622709,0.489043,0.763464,0.594143
002970,0.000530,0.000402,0.622929,0.489020,0.763598,0.594129
002975,0.000529,0.000401,0.623267,0.489105,0.763843,0.594216
002980,0.000528,0.000401,0.623744,0.489313,0.764174,0.594377
002985,0.000528,0.000401,0.624143,0.489445,0.764450,0.594485
002990,0.000527,0.000400,0.624323,0.489385,0.764562,0.594448
002995,0.000527,0.000401,0.624636,0.489440,0.764749,0.594476
003000,0.000528,0.000401,0.624688,0.489277,0.764687,0.594297
003005,0.000527,0.000401,0.624914,0.489261,0.764843,0.594302
003010,0.000527,0.000402,0.624940,0.489086,0.764813,0.594157
003015,0.000527,0.000402,0.625236,0.489131,0.764998,0.594189
003020,0.000527,0.000402,0.625433,0.489099,0.765081,0.594140
003025,0.000527,0.000402,0.625827,0.489220,0.765356,0.594240
003030,0.000526,0.000402,0.626065,0.489218,0.765516,0.594251
003035,0.000527,0.000402,0.626145,0.489100,0.765511,0.594138
003040,0.000526,0.000402,0.626341,0.489071,0.765641,0.594129
003045,0.000526,0.000402,0.626589,0.489082,0.765797,0.594139
003050,0.000526,0.000403,0.626722,0.489010,0.765847,0.594072
003055,0.000526,0.000403,0.626915,0.488983,0.765973,0.594062
003060,0.000526,0.000403,0.627039,0.488909,0.766031,0.594005
003065,0.000526,0.000403,0.627202,0.488864,0.766143,0.593987
003070,0.000525,0.000403,0.627567,0.488959,0.766419,0.594081
003075,0.000525,0.000403,0.627519,0.488774,0.766324,0.593924
003080,0.000525,0.000403,0.627722,0.488760,0.766446,0.593915
003085,0.000525,0.000403,0.627823,0.488681,0.766479,0.593849
003090,0.000524,0.000403,0.628150,0.488750,0.766685,0.593896
003095,0.000525,0.000403,0.628314,0.488714,0.766781,0.593872
003100,0.000524,0.000403,0.628605,0.488760,0.766962,0.593903
003105,0.000525,0.000403,0.628576,0.488605,0.766885,0.593771
003110,0.000524,0.000403,0.628706,0.488552,0.766948,0.593730
003115,0.000524,0.000403,0.628957,0.488574,0.767123,0.593758
003120,0.000524,0.000403,0.629103,0.488533,0.767212,0.593734
003125,0.000523,0.000403,0.629368,0.488565,0.767413,0.593778
003130,0.000523,0.000403,0.629486,0.488509,0.767499,0.593753
003135,0.000522,0.000403,0.629636,0.488473,0.767615,0.593746
003140,0.000523,0.000403,0.629783,0.488438,0.767688,0.593715
003145,0.000524,0.000404,0.629920,0.488397,0.767755,0.593681
003150,0.000524,0.000404,0.630167,0.488420,0.767934,0.593711
003155,0.000523,0.000404,0.630318,0.488389,0.768035,0.593698
003160,0.000523,0.000404,0.630600,0.488432,0.768240,0.593743
003165,0.000522,0.000404,0.630705,0.488377,0.768328,0.593722
003170,0.000522,0.000404,0.630928,0.488387,0.768468,0.593731
003175,0.000522,0.000404,0.631069,0.488354,0.768530,0.593697
003180,0.000523,0.000404,0.631062,0.488242,0.768474,0.593602
003185,0.000523,0.000405,0.631162,0.488189,0.768512,0.593558
003190,0.000523,0.000405,0.631518,0.488272,0.768732,0.593610
003195,0.000523,0.000405,0.631680,0.488253,0.768813,0.593590
003200,0.000523,0.000405,0.631796,0.488211,0.768874,0.593559
003205,0.000522,0.000405,0.631942,0.488186,0.768989,0.593558
003210,0.000522,0.000405,0.632264,0.488250,0.769217,0.593613
003215,0.000521,0.000404,0.632545,0.488293,0.769428,0.593660
003220,0.000521,0.000405,0.632700,0.488272,0.769486,0.593629
003225,0.000521,0.000405,0.632948,0.488299,0.769656,0.593655
003230,0.000520,0.000418,0.633162,0.547871,0.769820,0.663480
003235,0.000520,0.000432,0.633321,0.545475,0.769942,0.659818
003240,0.000520,0.000427,0.633507,0.545856,0.770129,0.660895
003245,0.000519,0.000427,0.633661,0.545510,0.770255,0.660357
003250,0.000519,0.000426,0.633815,0.545320,0.770398,0.660290
003255,0.000519,0.000430,0.633786,0.543466,0.770394,0.658846
003260,0.000519,0.000430,0.633869,0.543102,0.770478,0.658568
003265,0.000518,0.000429,0.633963,0.542920,0.770588,0.658554
003270,0.000518,0.000431,0.633950,0.542133,0.770597,0.657928
003275,0.000518,0.000430,0.634179,0.542831,0.770776,0.658369
003280,0.000518,0.000431,0.634239,0.542566,0.770816,0.658036
003285,0.000518,0.000432,0.634288,0.542300,0.770863,0.657796
003290,0.000518,0.000432,0.634509,0.542790,0.771038,0.658125
003295,0.000517,0.000432,0.634564,0.542572,0.771115,0.658028
003300,0.000517,0.000432,0.634607,0.542341,0.771157,0.657827
003305,0.000517,0.000433,0.634673,0.542221,0.771200,0.657651
003310,0.000517,0.000433,0.634665,0.541881,0.771223,0.657434
003315,0.000517,0.000433,0.634826,0.542082,0.771358,0.657577
003320,0.000516,0.000433,0.634896,0.542008,0.771437,0.657548
003325,0.000516,0.000433,0.635023,0.542093,0.771523,0.657541
003330,0.000516,0.000433,0.635083,0.542000,0.771587,0.657479
003335,0.000516,0.000432,0.635302,0.542300,0.771774,0.657721
003340,0.000515,0.000432,0.635500,0.542528,0.771925,0.657860
003345,0.000515,0.000432,0.635605,0.542532,0.771994,0.657806
003350,0.000514,0.000432,0.635725,0.542566,0.772095,0.657823
003355,0.000514,0.000432,0.635790,0.542487,0.772125,0.657697
003360,0.000515,0.000433,0.635948,0.542597,0.772247,0.657759
003365,0.000515,0.000433,0.636146,0.542777,0.772401,0.657881
003370,0.000514,0.000433,0.636318,0.542896,0.772525,0.657939
003375,0.000514,0.000433,0.636509,0.543043,0.772686,0.658058
003380,0.000514,0.000433,0.636536,0.542898,0.772720,0.657953
003385,0.000514,0.000433,0.636514,0.542681,0.772704,0.657772
003390,0.000514,0.000433,0.636546,0.542565,0.772730,0.657669
003395,0.000514,0.000434,0.636570,0.542443,0.772761,0.657580
003400,0.000514,0.000434,0.636694,0.542482,0.772855,0.657594
003405,0.000514,0.000434,0.636805,0.542500,0.772944,0.657599
003410,0.000513,0.000434,0.636847,0.542417,0.773025,0.657592
003415,0.000513,0.000434,0.637018,0.542521,0.773166,0.657671
003420,0.000513,0.000435,0.636966,0.542313,0.773133,0.657508
003425,0.000513,0.000435,0.637021,0.542259,0.773168,0.657443
003430,0.000513,0.000434,0.637135,0.542285,0.773268,0.657468
003435,0.000513,0.000434,0.637224,0.542278,0.773349,0.657467
003440,0.000512,0.000434,0.637261,0.542208,0.773396,0.657424
003445,0.000512,0.000434,0.637387,0.542249,0.773503,0.657457
003450,0.000512,0.000434,0.637642,0.542445,0.773682,0.657574
003455,0.000511,0.000434,0.637801,0.542519,0.773834,0.657656
003460,0.000511,0.000434,0.637942,0.542570,0.773961,0.657705
003465,0.000511,0.000434,0.637941,0.542458,0.773978,0.657629
003470,0.000511,0.000434,0.638061,0.542486,0.774073,0.657642
003475,0.000511,0.000434,0.638221,0.542556,0.774184,0.657673
003480,0.000510,0.000434,0.638459,0.542708,0.774367,0.657780
003485,0.000510,0.000434,0.638394,0.542536,0.774301,0.657622
003490,0.000510,0.000433,0.638649,0.542701,0.774492,0.657734
003495,0.000510,0.000433,0.638677,0.542630,0.774520,0.657678
003500,0.000511,0.000435,0.638677,0.542533,0.774506,0.657582
003505,0.000511,0.000435,0.638740,0.542503,0.774551,0.657548
003510,0.000511,0.000435,0.638872,0.542540,0.774642,0.657559
003515,0.000510,0.000435,0.638959,0.542533,0.774705,0.657543
003520,0.000510,0.000435,0.639011,0.542494,0.774746,0.657507
003525,0.000511,0.000435,0.639025,0.542422,0.774724,0.657416
003530,0.000510,0.000435,0.639150,0.542452,0.774816,0.657429
003535,0.000511,0.000436,0.639088,0.542316,0.774746,0.657300
003540,0.000510,0.000436,0.639187,0.542325,0.774829,0.657308
003545,0.000510,0.000436,0.639325,0.542367,0.774902,0.657306
003550,0.000510,0.000436,0.639196,0.542181,0.774793,0.657151
003555,0.000510,0.000436,0.639325,0.542217,0.774897,0.657178
003560,0.000510,0.000436,0.639345,0.542163,0.774907,0.657128
003565,0.000510,0.000436,0.639516,0.542233,0.775029,0.657170
003570,0.000509,0.000435,0.639695,0.542307,0.775144,0.657206
003575,0.000509,0.000435,0.639800,0.542322,0.775226,0.657215
003580,0.000509,0.000435,0.639890,0.542323,0.775313,0.657227
003585,0.000509,0.000435,0.640067,0.542393,0.775468,0.657292
003590,0.000508,0.000435,0.640159,0.542396,0.775520,0.657277
003595,0.000508,0.000435,0.640366,0.542487,0.775669,0.657335
003600,0.000508,0.000435,0.640339,0.542400,0.775669,0.657281
003605,0.000508,0.000436,0.640327,0.542327,0.775652,0.657217
003610,0.000508,0.000435,0.640477,0.542374,0.775796,0.657270
003615,0.000508,0.000435,0.640609,0.542407,0.775893,0.657289
003620,0.000508,0.000435,0.640608,0.542344,0.775877,0.657228
003625,0.000508,0.000435,0.640701,0.542350,0.775948,0.657229
003630,0.000507,0.000435,0.640739,0.542317,0.775987,0.657208
003635,0.000507,0.000435,0.640850,0.542335,0.776058,0.657209
003640,0.000507,0.000435,0.640936,0.542336,0.776140,0.657218
003645,0.000507,0.000435,0.641058,0.542362,0.776231,0.657233
003650,0.000507,0.000435,0.641259,0.542439,0.776383,0.657289
003655,0.000507,0.000435,0.641354,0.542446,0.776466,0.657298
003660,0.000507,0.000435,0.641467,0.542464,0.776560,0.657314
003665,0.000506,0.000435,0.641602,0.542496,0.776670,0.657340
003670,0.000506,0.000435,0.641799,0.542567,0.776792,0.657373
003675,0.000506,0.000435,0.642028,0.542658,0.776951,0.657430
003680,0.000506,0.000435,0.642136,0.542670,0.777033,0.657437
003685,0.000505,0.000435,0.642223,0.542670,0.777094,0.657431
003690,0.000505,0.000435,0.642414,0.542734,0.777261,0.657491
003695,0.000505,0.000435,0.642436,0.542693,0.777243,0.657437
003700,0.000505,0.000435,0.642589,0.542733,0.777374,0.657474
003705,0.000505,0.000435,0.642569,0.542668,0.777358,0.657422
003710,0.000505,0.000435,0.642609,0.542641,0.777385,0.657397
003715,0.000505,0.000435,0.642638,0.542607,0.777446,0.657392
003720,0.000504,0.000435,0.642778,0.542639,0.777555,0.657416
003725,0.000504,0.000435,0.642904,0.542663,0.777629,0.657419
003730,0.000504,0.000435,0.642991,0.542664,0.777707,0.657425
003735,0.000504,0.000435,0.643074,0.542663,0.777791,0.657433
003740,0.000504,0.000435,0.643171,0.542670,0.777873,0.657441
003745,0.000504,0.000435,0.643282,0.542684,0.777967,0.657455
003750,0.000503,0.000435,0.643420,0.542713,0.778063,0.657470
003755,0.000503,0.000435,0.643504,0.542713,0.778137,0.657474
003760,0.000504,0.000435,0.643504,0.542667,0.778077,0.657404
003765,0.000504,0.000435,0.643526,0.542634,0.778094,0.657376
003770,0.000503,0.000435,0.643711,0.542688,0.778266,0.657433
003775,0.000503,0.000435,0.643921,0.542755,0.778417,0.657478
003780,0.000503,0.000435,0.644097,0.542803,0.778552,0.657513
003785,0.000502,0.000435,0.644149,0.542786,0.778617,0.657512
003790,0.000502,0.000435,0.644262,0.542801,0.778697,0.657518
003795,0.000502,0.000435,0.644368,0.542812,0.778800,0.657537
003800,0.000502,0.000435,0.644468,0.542820,0.778858,0.657531
003805,0.000502,0.000435,0.644501,0.542794,0.778899,0.657518
003810,0.000502,0.000435,0.644606,0.542805,0.778983,0.657527
003815,0.000501,0.000435,0.644744,0.542832,0.779116,0.657560
003820,0.000501,0.000435,0.644849,0.542842,0.779180,0.657558
003825,0.000501,0.000435,0.644919,0.542835,0.779205,0.657537
003830,0.000501,0.000435,0.645032,0.542850,0.779303,0.657552
003835,0.000501,0.000435,0.645115,0.542850,0.779396,0.657565
003840,0.000500,0.000435,0.645171,0.542836,0.779463,0.657565
003845,0.000500,0.000435,0.645362,0.542888,0.779600,0.657599
003850,0.000500,0.000435,0.645487,0.542908,0.779724,0.657626
003855,0.000499,0.000434,0.645602,0.542923,0.779829,0.657644
003860,0.000499,0.000434,0.645679,0.542920,0.779912,0.657652
003865,0.000500,0.000435,0.645673,0.542879,0.779913,0.657621
003870,0.000500,0.000435,0.645739,0.542871,0.779939,0.657602
003875,0.000499,0.000435,0.645880,0.542898,0.780057,0.657626
003880,0.000499,0.000435,0.645948,0.542891,0.780113,0.657621
003885,0.000499,0.000435,0.645978,0.542868,0.780128,0.657598
003890,0.000499,0.000435,0.645980,0.542832,0.780142,0.657575
003895,0.000499,0.000435,0.646068,0.542835,0.780206,0.657574
003900,0.000499,0.000435,0.646193,0.542855,0.780315,0.657594
003905,0.000498,0.000435,0.646373,0.542899,0.780452,0.657626
003910,0.000498,0.000434,0.646479,0.542910,0.780537,0.657634
003915,0.000498,0.000434,0.646485,0.542877,0.780534,0.657605
003920,0.000498,0.000435,0.646511,0.542854,0.780570,0.657592
003925,0.000498,0.000435,0.646613,0.542863,0.780655,0.657601
003930,0.000498,0.000435,0.646533,0.542794,0.780606,0.657552
003935,0.000497,0.000435,0.646565,0.542774,0.780652,0.657545
003940,0.000497,0.000434,0.646649,0.542777,0.780725,0.657549
003945,0.000497,0.000434,0.646775,0.542798,0.780815,0.657560
003950,0.000497,0.000434,0.646811,0.542780,0.780846,0.657547
003955,0.000497,0.000434,0.646891,0.542781,0.780901,0.657544
003960,0.000496,0.000434,0.647015,0.542800,0.781015,0.657566
003965,0.000496,0.000434,0.647202,0.542846,0.781161,0.657600
003970,0.000496,0.000434,0.647363,0.542880,0.781280,0.657623
003975,0.000496,0.000434,0.647455,0.542886,0.781368,0.657633
003980,0.000495,0.000434,0.647596,0.542911,0.781495,0.657659
003985,0.000495,0.000434,0.647630,0.542894,0.781535,0.657650
003990,0.000495,0.000434,0.647827,0.542941,0.781682,0.657684
003995,0.000494,0.000434,0.647892,0.542936,0.781743,0.657683
004000,0.000494,0.000434,0.647912,0.542913,0.781770,0.657668
004005,0.000494,0.000434,0.648006,0.542920,0.781834,0.657669
004010,0.000494,0.000434,0.648231,0.542978,0.781984,0.657704
004015,0.000494,0.000434,0.648327,0.542985,0.782070,0.657712
004020,0.000494,0.000434,0.648325,0.542954,0.782051,0.657681
004025,0.000494,0.000434,0.648434,0.542967,0.782154,0.657697
004030,0.000494,0.000434,0.648505,0.542964,0.782215,0.657696
004035,0.000493,0.000434,0.648613,0.542976,0.782305,0.657707
004040,0.000493,0.000434,0.648619,0.542949,0.782326,0.657691
004045,0.000493,0.000434,0.648600,0.542913,0.782329,0.657668
004050,0.000493,0.000434,0.648816,0.542966,0.782501,0.657710
004055,0.000493,0.000434,0.648865,0.542956,0.782502,0.657688
004060,0.000493,0.000434,0.649029,0.542989,0.782631,0.657713
004065,0.000493,0.000434,0.649219,0.543032,0.782775,0.657744
004070,0.000493,0.000434,0.649264,0.543020,0.782819,0.657737
004075,0.000492,0.000434,0.649420,0.543049,0.782936,0.657758
004080,0.000492,0.000434,0.649503,0.543052,0.783000,0.657759
004085,0.000492,0.000434,0.649625,0.543069,0.783087,0.657768
004090,0.000492,0.000434,0.649691,0.543065,0.783149,0.657768
004095,0.000492,0.000434,0.649706,0.543043,0.783137,0.657742
004100,0.000492,0.000434,0.649753,0.543032,0.783169,0.657731
004105,0.000492,0.000434,0.649821,0.543030,0.783222,0.657729
004110,0.000492,0.000434,0.649847,0.543012,0.783243,0.657715
004115,0.000492,0.000434,0.649782,0.542963,0.783170,0.657667
004120,0.000492,0.000434,0.649806,0.542945,0.783188,0.657652
004125,0.000492,0.000434,0.649971,0.542977,0.783313,0.657676
004130,0.000492,0.000434,0.650061,0.542983,0.783404,0.657687
004135,0.000492,0.000434,0.650087,0.542967,0.783466,0.657688
004140,0.000491,0.000434,0.650172,0.542970,0.783544,0.657695
004145,0.000491,0.000434,0.650229,0.542965,0.783600,0.657694
004150,0.000491,0.000434,0.650268,0.542953,0.783623,0.657681
004155,0.000491,0.000434,0.650320,0.542946,0.783654,0.657672
004160,0.000491,0.000434,0.650467,0.542972,0.783775,0.657693
004165,0.000491,0.000434,0.650632,0.543004,0.783878,0.657709
004170,0.000491,0.000434,0.650755,0.543021,0.783973,0.657721
004175,0.000490,0.000434,0.650803,0.543013,0.784004,0.657712
004180,0.000491,0.000434,0.650802,0.542988,0.783975,0.657682
004185,0.000491,0.000434,0.650772,0.542954,0.783921,0.657645
004190,0.000491,0.000434,0.650796,0.542938,0.783959,0.657638
004195,0.000491,0.000434,0.650849,0.542932,0.784005,0.657635
004200,0.000490,0.000434,0.650891,0.542922,0.784043,0.657629
004205,0.000491,0.000434,0.650830,0.542879,0.783988,0.657592
004210,0.000490,0.000434,0.650955,0.542897,0.784099,0.657610
004215,0.000490,0.000434,0.650948,0.542872,0.784121,0.657599
004220,0.000490,0.000434,0.651006,0.542868,0.784170,0.657597
004225,0.000490,0.000434,0.650992,0.542841,0.784146,0.657571
004230,0.000490,0.000434,0.651009,0.542825,0.784166,0.657559
004235,0.000490,0.000434,0.651201,0.542865,0.784289,0.657581
004240,0.000489,0.000434,0.651311,0.542878,0.784387,0.657595
004245,0.000489,0.000434,0.651388,0.542881,0.784451,0.657598
004250,0.000489,0.000434,0.651497,0.542894,0.784532,0.657607
004255,0.000489,0.000434,0.651527,0.542882,0.784558,0.657597
004260,0.000488,0.000434,0.651702,0.542916,0.784701,0.657625
004265,0.000489,0.000434,0.651709,0.542896,0.784686,0.657603
004270,0.000488,0.000434,0.651767,0.542893,0.784738,0.657602
004275,0.000488,0.000434,0.651802,0.542883,0.784747,0.657588
004280,0.000488,0.000434,0.651928,0.542901,0.784866,0.657609
004285,0.000488,0.000434,0.651944,0.542885,0.784861,0.657590
004290,0.000488,0.000434,0.652003,0.542883,0.784912,0.657589
004295,0.000488,0.000468,0.651978,0.591064,0.784891,0.718493
004300,0.000488,0.000457,0.652035,0.594863,0.784982,0.722149
004305,0.000488,0.000456,0.652080,0.595322,0.785062,0.722585
004310,0.000487,0.000456,0.652067,0.594427,0.785107,0.722117
004315,0.000487,0.000455,0.652119,0.594881,0.785197,0.722525
004320,0.000487,0.000454,0.652170,0.595157,0.785291,0.722833
004325,0.000486,0.000453,0.652243,0.595582,0.785396,0.723164
004330,0.000486,0.000453,0.652347,0.596165,0.785522,0.723588
004335,0.000486,0.000453,0.652344,0.595776,0.785560,0.723227
004340,0.000486,0.000453,0.652432,0.596112,0.785666,0.723428
004345,0.000485,0.000453,0.652521,0.596382,0.785778,0.723620
004350,0.000485,0.000452,0.652594,0.596518,0.785882,0.723741
004355,0.000485,0.000452,0.652644,0.596515,0.785968,0.723746
004360,0.000484,0.000452,0.652675,0.596410,0.786052,0.723739
004365,0.000484,0.000452,0.652672,0.596167,0.786091,0.723524
004370,0.000484,0.000452,0.652707,0.596119,0.786165,0.723492
004375,0.000484,0.000453,0.652734,0.596048,0.786234,0.723446
004380,0.000483,0.000453,0.652768,0.596009,0.786293,0.723363
004385,0.000483,0.000453,0.652873,0.596231,0.786410,0.723504
004390,0.000483,0.000453,0.652951,0.596342,0.786523,0.723617
004395,0.000482,0.000453,0.653017,0.596401,0.786623,0.723676
004400,0.000482,0.000454,0.653005,0.596210,0.786652,0.723507
004405,0.000482,0.000453,0.653079,0.596294,0.786750,0.723563
004410,0.000482,0.000453,0.653120,0.596277,0.786839,0.723587
004415,0.000482,0.000453,0.653161,0.596261,0.786911,0.723561
004420,0.000481,0.000453,0.653172,0.596167,0.786959,0.723476
004425,0.000481,0.000453,0.653226,0.596190,0.787048,0.723501
004430,0.000481,0.000453,0.653261,0.596165,0.787122,0.723490
004435,0.000480,0.000453,0.653283,0.596113,0.787184,0.723451
004440,0.000480,0.000454,0.653289,0.596024,0.787221,0.723355
004445,0.000480,0.000453,0.653335,0.596032,0.787312,0.723387
004450,0.000480,0.000453,0.653427,0.596140,0.787420,0.723456
004455,0.000479,0.000453,0.653503,0.596207,0.787520,0.723503
004460,0.000479,0.000454,0.653510,0.596131,0.787569,0.723444
004465,0.000479,0.000454,0.653572,0.596167,0.787661,0.723475
004470,0.000479,0.000453,0.653692,0.596315,0.787798,0.723589
004475,0.000478,0.000453,0.653766,0.596367,0.787895,0.723624
004480,0.000478,0.000453,0.653796,0.596337,0.787959,0.723596
004485,0.000478,0.000453,0.653876,0.596398,0.788068,0.723651
004490,0.000478,0.000453,0.653930,0.596411,0.788147,0.723651
004495,0.000477,0.000453,0.654041,0.596520,0.788278,0.723740
004500,0.000477,0.000453,0.654090,0.596522,0.788356,0.723738
004505,0.000477,0.000453,0.654155,0.596549,0.788456,0.723771
004510,0.000476,0.000453,0.654216,0.596569,0.788557,0.723805
004515,0.000476,0.000453,0.654306,0.596633,0.788670,0.723855
004520,0.000476,0.000453,0.654384,0.596678,0.788756,0.723864
004525,0.000476,0.000453,0.654448,0.596699,0.788858,0.723896
004530,0.000475,0.000453,0.654519,0.596730,0.788955,0.723919
004535,0.000475,0.000453,0.654488,0.596612,0.788965,0.723816
004540,0.000475,0.000453,0.654542,0.596620,0.789050,0.723825
004545,0.000475,0.000453,0.654555,0.596571,0.789113,0.723801
004550,0.000474,0.000453,0.654604,0.596572,0.789188,0.723796
004555,0.000474,0.000453,0.654594,0.596495,0.789213,0.723725
004560,0.000474,0.000453,0.654635,0.596488,0.789280,0.723711
004565,0.000474,0.000453,0.654625,0.596415,0.789315,0.723656
004570,0.000473,0.000453,0.654672,0.596417,0.789376,0.723637
004575,0.000473,0.000453,0.654812,0.596536,0.789518,0.723719
004580,0.000473,0.000453,0.654948,0.596645,0.789658,0.723797
004585,0.000472,0.000453,0.655003,0.596652,0.789748,0.723812
004590,0.000472,0.000453,0.655021,0.596617,0.789803,0.723785
004595,0.000472,0.000453,0.655137,0.596697,0.789919,0.723830
004600,0.000472,0.000453,0.655163,0.596671,0.789952,0.723779
004605,0.000472,0.000453,0.655221,0.596683,0.790042,0.723794
004610,0.000471,0.000453,0.655319,0.596738,0.790158,0.723837
004615,0.000471,0.000453,0.655395,0.596768,0.790253,0.723857
004620,0.000471,0.000453,0.655474,0.596801,0.790343,0.723871
004625,0.000471,0.000453,0.655472,0.596746,0.790357,0.723803
004630,0.000471,0.000453,0.655499,0.596723,0.790416,0.723785
004635,0.000471,0.000454,0.655470,0.596643,0.790431,0.723722
004640,0.000470,0.000454,0.655531,0.596657,0.790518,0.723734
004645,0.000470,0.000454,0.655603,0.596682,0.790610,0.723751
004650,0.000470,0.000453,0.655637,0.596669,0.790680,0.723747
004655,0.000470,0.000454,0.655651,0.596637,0.790738,0.723730
004660,0.000469,0.000453,0.655690,0.596630,0.790817,0.723735
004665,0.000469,0.000453,0.655766,0.596658,0.790924,0.723766
004670,0.000469,0.000453,0.655806,0.596652,0.791001,0.723768
004675,0.000468,0.000453,0.655822,0.596623,0.791060,0.723754
004680,0.000468,0.000453,0.655879,0.596633,0.791143,0.723762
004685,0.000468,0.000453,0.655893,0.596604,0.791190,0.723738
004690,0.000468,0.000454,0.655836,0.596511,0.791172,0.723654
004695,0.000468,0.000454,0.655853,0.596486,0.791226,0.723638
004700,0.000468,0.000454,0.655867,0.596460,0.791270,0.723614
004705,0.000467,0.000454,0.655915,0.596464,0.791358,0.723628
004710,0.000467,0.000454,0.655956,0.596462,0.791418,0.723618
004715,0.000467,0.000454,0.655992,0.596456,0.791485,0.723614
004720,0.000467,0.000454,0.655992,0.596420,0.791527,0.723590
004725,0.000466,0.000454,0.656029,0.596415,0.791596,0.723588
004730,0.000466,0.000454,0.656087,0.596428,0.791685,0.723604
004735,0.000466,0.000454,0.656085,0.596391,0.791728,0.723581
004740,0.000466,0.000454,0.656141,0.596403,0.791808,0.723590
004745,0.000466,0.000454,0.656150,0.596376,0.791863,0.723577
004750,0.000465,0.000454,0.656275,0.596443,0.791991,0.723624
004755,0.000465,0.000454,0.656258,0.596396,0.792016,0.723589
004760,0.000465,0.000454,0.656193,0.596313,0.792017,0.723535
004765,0.000465,0.000454,0.656280,0.596349,0.792121,0.723562
004770,0.000465,0.000454,0.656217,0.596269,0.792095,0.723489
004775,0.000464,0.000454,0.656167,0.596201,0.792084,0.723429
004780,0.000464,0.000454,0.656241,0.596227,0.792175,0.723447
004785,0.000464,0.000454,0.656322,0.596258,0.792271,0.723469
004790,0.000464,0.000454,0.656325,0.596232,0.792305,0.723444
004795,0.000464,0.000454,0.656390,0.596251,0.792389,0.723457
004800,0.000463,0.000454,0.656456,0.596270,0.792484,0.723477
004805,0.000463,0.000454,0.656410,0.596209,0.792471,0.723420
004810,0.000463,0.000454,0.656443,0.596205,0.792513,0.723402
004815,0.000463,0.000454,0.656489,0.596210,0.792574,0.723399
004820,0.000463,0.000454,0.656490,0.596184,0.792613,0.723381
004825,0.000463,0.000454,0.656587,0.596225,0.792713,0.723405
004830,0.000462,0.000454,0.656683,0.596265,0.792827,0.723439
004835,0.000462,0.000454,0.656699,0.596249,0.792873,0.723425
004840,0.000462,0.000454,0.656741,0.596252,0.792945,0.723430
004845,0.000462,0.000454,0.656799,0.596265,0.793024,0.723439
004850,0.000461,0.000454,0.656896,0.596304,0.793126,0.723464
004855,0.000461,0.000454,0.656909,0.596287,0.793171,0.723451
004860,0.000461,0.000454,0.656940,0.596282,0.793236,0.723450
004865,0.000461,0.000454,0.657027,0.596314,0.793336,0.723473
004870,0.000460,0.000454,0.657085,0.596326,0.793421,0.723486
004875,0.000460,0.000454,0.657101,0.596312,0.793479,0.723482
004880,0.000460,0.000454,0.657145,0.596315,0.793549,0.723485
004885,0.000460,0.000454,0.657217,0.596336,0.793632,0.723496
004890,0.000459,0.000454,0.657281,0.596352,0.793723,0.723513
004895,0.000459,0.000454,0.657327,0.596357,0.793806,0.723524
004900,0.000459,0.000454,0.657344,0.596343,0.793845,0.723509
004905,0.000459,0.000454,0.657328,0.596310,0.793868,0.723483
004910,0.000458,0.000454,0.657376,0.596316,0.793934,0.723484
004915,0.000458,0.000454,0.657428,0.596324,0.794018,0.723496
004920,0.000458,0.000454,0.657443,0.596310,0.794068,0.723488
004925,0.000458,0.000454,0.657523,0.596335,0.794162,0.723506
004930,0.000457,0.000454,0.657606,0.596362,0.794264,0.723528
004935,0.000457,0.000454,0.657666,0.596375,0.794344,0.723538
004940,0.000457,0.000454,0.657780,0.596419,0.794465,0.723571
004945,0.000457,0.000454,0.657826,0.596423,0.794526,0.723569
004950,0.000456,0.000454,0.657804,0.596388,0.794547,0.723545
004955,0.000456,0.000454,0.657854,0.596395,0.794622,0.723551
004960,0.000456,0.000454,0.657932,0.596418,0.794711,0.723565
004965,0.000456,0.000454,0.657948,0.596405,0.794754,0.723554
004970,0.000456,0.000454,0.657988,0.596406,0.794819,0.723555
004975,0.000455,0.000454,0.657973,0.596376,0.794832,0.723527
004980,0.000455,0.000454,0.658051,0.596398,0.794929,0.723546
004985,0.000455,0.000454,0.658050,0.596377,0.794970,0.723534
004990,0.000455,0.000454,0.658081,0.596373,0.795029,0.723532
004995,0.000455,0.000454,0.658128,0.596379,0.795104,0.723539
005000,0.000454,0.000454,0.658116,0.596352,0.795130,0.723519
005005,0.000454,0.000454,0.658180,0.596366,0.795222,0.723535
005010,0.000454,0.000454,0.658197,0.596356,0.795277,0.723531
005015,0.000454,0.000454,0.658275,0.596377,0.795368,0.723546
005020,0.000453,0.000454,0.658354,0.596400,0.795449,0.723557
005025,0.000453,0.000453,0.658413,0.596411,0.795527,0.723565
005030,0.000453,0.000454,0.658360,0.596364,0.795516,0.723527
005035,0.000453,0.000454,0.658391,0.596360,0.795575,0.723525
005040,0.000453,0.000454,0.658396,0.596344,0.795597,0.723505
005045,0.000453,0.000454,0.658396,0.596325,0.795630,0.723491
005050,0.000452,0.000454,0.658387,0.596302,0.795661,0.723476
005055,0.000452,0.000454,0.658438,0.596310,0.795738,0.723484
005060,0.000452,0.000454,0.658510,0.596328,0.795815,0.723492
005065,0.000452,0.000454,0.658571,0.596340,0.795891,0.723500
005070,0.000452,0.000454,0.658594,0.596334,0.795937,0.723493
005075,0.000451,0.000454,0.658669,0.596354,0.796031,0.723510
005080,0.000451,0.000454,0.658705,0.596353,0.796084,0.723506
005085,0.000451,0.000454,0.658725,0.596346,0.796128,0.723498
005090,0.000451,0.000454,0.658712,0.596322,0.796156,0.723483
005095,0.000451,0.000454,0.658761,0.596329,0.796224,0.723487
005100,0.000450,0.000454,0.658786,0.596323,0.796278,0.723484
005105,0.000450,0.000454,0.658796,0.596311,0.796319,0.723475
005110,0.000450,0.000454,0.658851,0.596321,0.796396,0.723484
005115,0.000450,0.000454,0.658853,0.596305,0.796427,0.723471
005120,0.000450,0.000454,0.658880,0.596301,0.796478,0.723467
005125,0.000450,0.000454,0.658851,0.596270,0.796480,0.723440
005130,0.000450,0.000454,0.658907,0.596281,0.796563,0.723452
005135,0.000449,0.000454,0.658966,0.596292,0.796652,0.723466
005140,0.000449,0.000454,0.658967,0.596277,0.796685,0.723455
005145,0.000449,0.000454,0.658988,0.596270,0.796737,0.723452
005150,0.000449,0.000454,0.659061,0.596289,0.796822,0.723464
005155,0.000449,0.000454,0.659083,0.596283,0.796868,0.723458
005160,0.000448,0.000454,0.659104,0.596277,0.796916,0.723454
005165,0.000448,0.000454,0.659131,0.596273,0.796972,0.723453
005170,0.000448,0.000454,0.659175,0.596278,0.797048,0.723462
005175,0.000448,0.000454,0.659182,0.596266,0.797090,0.723455
005180,0.000448,0.000454,0.659159,0.596240,0.797085,0.723427
005185,0.000448,0.000454,0.659189,0.596239,0.797132,0.723422
005190,0.000447,0.000454,0.659245,0.596249,0.797218,0.723435
005195,0.000447,0.000454,0.659291,0.596254,0.797287,0.723441
005200,0.000447,0.000454,0.659286,0.596237,0.797317,0.723429
005205,0.000447,0.000454,0.659311,0.596234,0.797375,0.723430
005210,0.000447,0.000454,0.659318,0.596223,0.797398,0.723415
005215,0.000446,0.000454,0.659334,0.596215,0.797449,0.723413
005220,0.000446,0.000454,0.659415,0.596236,0.797534,0.723426
005225,0.000446,0.000454,0.659400,0.596216,0.797557,0.723411
005230,0.000446,0.000562,0.659392,0.623447,0.797577,0.760442
005235,0.000446,0.000502,0.659350,0.641778,0.797529,0.779030
005240,0.000446,0.000502,0.659262,0.640831,0.797455,0.778921
005245,0.000446,0.000496,0.659238,0.642189,0.797434,0.780264
005250,0.000446,0.000499,0.659186,0.642312,0.797386,0.780414
005255,0.000447,0.000501,0.659125,0.642252,0.797322,0.780250
005260,0.000447,0.000501,0.659068,0.642252,0.797266,0.780235
005265,0.000447,0.000499,0.659057,0.642780,0.797256,0.780763
005270,0.000447,0.000497,0.659004,0.642765,0.797221,0.780897
005275,0.000447,0.000496,0.658955,0.642784,0.797174,0.780906
005280,0.000447,0.000496,0.658944,0.643101,0.797141,0.781014
005285,0.000447,0.000496,0.658863,0.642849,0.797086,0.780948
005290,0.000447,0.000495,0.658865,0.643196,0.797080,0.781222
005295,0.000447,0.000497,0.658773,0.642910,0.796981,0.780874
005300,0.000447,0.000495,0.658756,0.643093,0.796974,0.781105
005305,0.000447,0.000496,0.658647,0.642756,0.796885,0.780863
005310,0.000447,0.000495,0.658591,0.642723,0.796836,0.780854
005315,0.000447,0.000494,0.658567,0.642854,0.796827,0.781033
005320,0.000448,0.000497,0.658530,0.642907,0.796783,0.781038
005325,0.000448,0.000498,0.658429,0.642682,0.796684,0.780806
005330,0.000448,0.000497,0.658393,0.642743,0.796659,0.780898
005335,0.000449,0.000499,0.658327,0.642680,0.796586,0.780792
005340,0.000449,0.000499,0.658205,0.642416,0.796459,0.780498
005345,0.000449,0.000499,0.658119,0.642303,0.796377,0.780388
005350,0.000449,0.000498,0.658132,0.642534,0.796391,0.780611
005355,0.000449,0.000497,0.658121,0.642670,0.796378,0.780732
005360,0.000449,0.000498,0.657990,0.642414,0.796264,0.780521
005365,0.000449,0.000498,0.657895,0.642289,0.796182,0.780425
005370,0.000449,0.000498,0.657860,0.642345,0.796137,0.780444
005375,0.000449,0.000498,0.657795,0.642316,0.796088,0.780447
005380,0.000450,0.000499,0.657687,0.642169,0.795982,0.780298
005385,0.000450,0.000499,0.657611,0.642116,0.795912,0.780250
005390,0.000450,0.000499,0.657556,0.642119,0.795856,0.780242
005395,0.000450,0.000499,0.657487,0.642086,0.795784,0.780193
005400,0.000450,0.000499,0.657375,0.641951,0.795695,0.780108
005405,0.000451,0.000499,0.657335,0.641994,0.795653,0.780135
005410,0.000451,0.000499,0.657273,0.641983,0.795598,0.780134
005415,0.000451,0.000498,0.657269,0.642104,0.795604,0.780267
005420,0.000451,0.000498,0.657229,0.642139,0.795561,0.780286
005425,0.000450,0.000498,0.657285,0.642377,0.795608,0.780497
005430,0.000450,0.000497,0.657316,0.642551,0.795637,0.780661
005435,0.000450,0.000497,0.657275,0.642570,0.795585,0.780652
005440,0.000451,0.000497,0.657202,0.642524,0.795512,0.780601
005445,0.000451,0.000497,0.657129,0.642481,0.795459,0.780590
005450,0.000451,0.000497,0.657094,0.642512,0.795421,0.780609
005455,0.000451,0.000497,0.657052,0.642527,0.795404,0.780666
005460,0.000451,0.000497,0.656948,0.642430,0.795310,0.780580
005465,0.000451,0.000497,0.656830,0.642311,0.795198,0.780465
005470,0.000451,0.000498,0.656714,0.642200,0.795084,0.780351