timestamp,batch_idx,step_count,chamfer_distance_batch,chamfer_distance_running_avg,f1_tau_batch,f1_tau_running_avg,f1_2tau_batch,f1_2tau_running_avg
"2026-02-02 00:00:40,280",0,0,0.000274,2.1e-05,0.613396,0.047184,0.818309,0.062947
"2026-02-02 00:00:50,314",5,5,0.000454,3.5e-05,0.569379,0.043798,0.75711,0.058239
"2026-02-02 00:00:58,762",10,10,0.00046,3.5e-05,0.579735,0.044595,0.76128,0.05856
"2026-02-02 00:01:08,027",15,15,0.000431,3.3e-05,0.579499,0.044577,0.760712,0.058516
"2026-02-02 00:01:16,131",20,20,0.000416,3.2e-05,0.573636,0.044126,0.758456,0.058343
"2026-02-02 00:01:24,570",25,25,0.000399,3.1e-05,0.575176,0.044244,0.762019,0.058617
"2026-02-02 00:01:32,957",30,30,0.00044,3.4e-05,0.567135,0.043626,0.751473,0.057806
"2026-02-02 00:01:41,256",35,35,0.00046,3.5e-05,0.563137,0.043318,0.74564,0.057357
"2026-02-02 00:01:49,502",40,40,0.000458,3.5e-05,0.556847,0.042834,0.740791,0.056984
"2026-02-02 00:01:57,594",45,45,0.000455,3.5e-05,0.557265,0.042867,0.739371,0.056875
"2026-02-02 00:02:06,045",50,50,0.000463,3.6e-05,0.551438,0.042418,0.733766,0.056444
"2026-02-02 00:02:14,313",55,55,0.00046,3.5e-05,0.548556,0.042197,0.731931,0.056302
"2026-02-02 00:02:22,784",60,60,0.000461,3.5e-05,0.547494,0.042115,0.731233,0.056249
"2026-02-02 00:02:32,551",65,65,0.000456,3.5e-05,0.54725,0.042096,0.731638,0.05628
"2026-02-02 00:02:41,042",70,70,0.000448,3.4e-05,0.54758,0.042122,0.734297,0.056484
"2026-02-02 00:02:49,899",75,75,0.000449,3.5e-05,0.54547,0.041959,0.732508,0.056347
"2026-02-02 00:02:58,581",80,80,0.000445,3.4e-05,0.545958,0.041997,0.733308,0.056408
"2026-02-02 00:03:07,087",85,85,0.000449,3.5e-05,0.545167,0.041936,0.733253,0.056404
"2026-02-02 00:03:15,341",90,90,0.000454,3.5e-05,0.543963,0.041843,0.732304,0.056331
"2026-02-02 00:03:24,390",95,95,0.00045,3.5e-05,0.545274,0.041944,0.732944,0.05638
"2026-02-02 00:03:34,010",100,100,0.000448,3.4e-05,0.54518,0.041937,0.73239,0.056338
"2026-02-02 00:03:41,749",105,105,0.000451,3.5e-05,0.543762,0.041828,0.730899,0.056223
"2026-02-02 00:03:49,245",110,110,0.000456,3.5e-05,0.541653,0.041666,0.728338,0.056026
"2026-02-02 00:03:56,608",115,115,0.000452,3.5e-05,0.542752,0.04175,0.729309,0.056101
"2026-02-02 00:04:03,897",120,120,0.000447,3.4e-05,0.544658,0.041897,0.731326,0.056256
"2026-02-02 00:04:11,346",125,125,0.000444,3.4e-05,0.547161,0.042089,0.733606,0.056431
"2026-02-02 00:04:18,688",130,130,0.000445,3.4e-05,0.546775,0.04206,0.733204,0.0564
"2026-02-02 00:04:25,958",135,135,0.000448,3.4e-05,0.546907,0.04207,0.733283,0.056406
"2026-02-02 00:04:33,398",140,140,0.000444,3.4e-05,0.548737,0.042211,0.734751,0.056519
"2026-02-02 00:04:40,732",145,145,0.000454,3.5e-05,0.546894,0.042069,0.732271,0.056329
"2026-02-02 00:04:48,083",150,150,0.000449,3.5e-05,0.547936,0.042149,0.733429,0.056418
"2026-02-02 00:04:55,221",155,155,0.000446,3.4e-05,0.54943,0.042264,0.734663,0.056513
"2026-02-02 00:05:02,700",160,160,0.00045,3.5e-05,0.550236,0.042326,0.735155,0.05655
"2026-02-02 00:05:10,102",165,165,0.000452,3.5e-05,0.550872,0.042375,0.735393,0.056569
"2026-02-02 00:05:17,831",170,170,0.000449,3.5e-05,0.551323,0.042409,0.735995,0.056615
"2026-02-02 00:05:25,081",175,175,0.00045,3.5e-05,0.550759,0.042366,0.735138,0.056549
"2026-02-02 00:05:32,505",180,180,0.000449,3.5e-05,0.552525,0.042502,0.736257,0.056635
"2026-02-02 00:05:39,901",185,185,0.000467,3.6e-05,0.553132,0.042549,0.736153,0.056627
"2026-02-02 00:05:46,890",190,190,0.000463,3.6e-05,0.554865,0.042682,0.737279,0.056714
"2026-02-02 00:05:54,583",195,195,0.000459,3.5e-05,0.555959,0.042766,0.738496,0.056807
"2026-02-02 00:06:01,870",200,200,0.000459,3.5e-05,0.556415,0.042801,0.738938,0.056841
"2026-02-02 00:06:09,486",205,205,0.000462,3.6e-05,0.55472,0.042671,0.737536,0.056734
"2026-02-02 00:06:16,890",210,210,0.000465,3.6e-05,0.553278,0.04256,0.735837,0.056603
"2026-02-02 00:06:24,376",215,215,0.000462,3.6e-05,0.553567,0.042582,0.736392,0.056646
"2026-02-02 00:06:31,797",220,220,0.000461,3.5e-05,0.553291,0.042561,0.736437,0.056649
"2026-02-02 00:06:39,302",225,225,0.000463,3.6e-05,0.55259,0.042507,0.735685,0.056591
"2026-02-02 00:06:47,193",230,230,0.000465,3.6e-05,0.55376,0.042597,0.736548,0.056658
"2026-02-02 00:06:54,889",235,235,0.000466,3.6e-05,0.553513,0.042578,0.736032,0.056618
"2026-02-02 00:07:02,182",240,240,0.000464,3.6e-05,0.554334,0.042641,0.736684,0.056668
"2026-02-02 00:07:09,968",245,245,0.000462,3.6e-05,0.553477,0.042575,0.736419,0.056648
"2026-02-02 00:07:17,250",250,250,0.00046,3.5e-05,0.553651,0.042589,0.73669,0.056668
"2026-02-02 00:07:24,390",255,255,0.000459,3.5e-05,0.554029,0.042618,0.736896,0.056684
"2026-02-02 00:07:31,645",260,260,0.000458,3.5e-05,0.554893,0.042684,0.737704,0.056746
"2026-02-02 00:07:39,173",265,265,0.00046,3.5e-05,0.553426,0.042571,0.736544,0.056657
"2026-02-02 00:07:46,357",270,270,0.000457,3.5e-05,0.554323,0.04264,0.737532,0.056733
"2026-02-02 00:07:53,449",275,275,0.000454,3.5e-05,0.555381,0.042722,0.738519,0.056809
"2026-02-02 00:08:00,540",280,280,0.000455,3.5e-05,0.554602,0.042662,0.73765,0.056742
"2026-02-02 00:08:07,662",285,285,0.000455,3.5e-05,0.554011,0.042616,0.737161,0.056705
"2026-02-02 00:08:14,638",290,290,0.000457,3.5e-05,0.553596,0.042584,0.736305,0.056639
"2026-02-02 00:08:22,082",295,295,0.000456,3.5e-05,0.552975,0.042537,0.735813,0.056601
"2026-02-02 00:08:29,341",300,300,0.000455,3.5e-05,0.552876,0.042529,0.735831,0.056602
"2026-02-02 00:08:36,719",305,305,0.000457,3.5e-05,0.551667,0.042436,0.734694,0.056515
"2026-02-02 00:08:44,141",310,310,0.000459,3.5e-05,0.551678,0.042437,0.73462,0.056509
"2026-02-02 00:08:51,572",315,315,0.000457,3.5e-05,0.55234,0.042488,0.735226,0.056556
"2026-02-02 00:08:58,870",320,320,0.000454,3.5e-05,0.553312,0.042562,0.736281,0.056637
"2026-02-02 00:09:05,725",325,325,0.000456,3.5e-05,0.552203,0.042477,0.735344,0.056565
"2026-02-02 00:09:12,956",330,330,0.000459,3.5e-05,0.551622,0.042432,0.734567,0.056505
"2026-02-02 00:09:20,199",335,335,0.000457,3.5e-05,0.552735,0.042518,0.735514,0.056578
"2026-02-02 00:09:27,268",340,340,0.000457,3.5e-05,0.552641,0.042511,0.735364,0.056566
"2026-02-02 00:09:34,603",345,345,0.000457,3.5e-05,0.552526,0.042502,0.735226,0.056556
"2026-02-02 00:09:41,617",350,350,0.000455,3.5e-05,0.552621,0.042509,0.735446,0.056573
"2026-02-02 00:09:49,069",355,355,0.000453,3.5e-05,0.554315,0.04264,0.736863,0.056682
"2026-02-02 00:09:56,402",360,360,0.000451,3.5e-05,0.554751,0.042673,0.73729,0.056715
"2026-02-02 00:10:03,547",365,365,0.000453,3.5e-05,0.554357,0.042643,0.736702,0.056669
"2026-02-02 00:10:10,475",370,370,0.000452,3.5e-05,0.554469,0.042651,0.736981,0.056691
"2026-02-02 00:10:17,688",375,375,0.000452,3.5e-05,0.554262,0.042636,0.736711,0.05667
"2026-02-02 00:10:25,020",380,380,0.000454,3.5e-05,0.553634,0.042587,0.73611,0.056624
"2026-02-02 00:10:32,325",385,385,0.000454,3.5e-05,0.55354,0.04258,0.736081,0.056622
"2026-02-02 00:10:39,874",390,390,0.000452,3.5e-05,0.554229,0.042633,0.736587,0.056661
"2026-02-02 00:10:47,014",395,395,0.00045,3.5e-05,0.555338,0.042718,0.737594,0.056738
"2026-02-02 00:10:54,342",400,400,0.000449,6.3e-05,0.556214,0.09096,0.73839,0.118485
"2026-02-02 00:11:01,682",405,405,0.000447,6.1e-05,0.55743,0.092105,0.739405,0.119229
"2026-02-02 00:11:09,035",410,410,0.000447,6.2e-05,0.5581,0.091319,0.739932,0.118439
"2026-02-02 00:11:16,326",415,415,0.000445,6.1e-05,0.559406,0.092015,0.740816,0.118665
"2026-02-02 00:11:23,525",420,420,0.000443,6.1e-05,0.560455,0.092125,0.741517,0.118585
"2026-02-02 00:11:30,127",425,425,0.000442,6e-05,0.561788,0.092541,0.742445,0.118803
"2026-02-02 00:11:37,394",430,430,0.00044,6e-05,0.563397,0.093133,0.7436,0.119197
"2026-02-02 00:11:44,790",435,435,0.000439,6e-05,0.5636,0.092408,0.743873,0.118763
"2026-02-02 00:11:52,051",440,440,0.000438,6e-05,0.564545,0.092417,0.744664,0.118827
"2026-02-02 00:11:58,992",445,445,0.000437,6e-05,0.565193,0.092234,0.745008,0.11858
"2026-02-02 00:12:06,510",450,450,0.000436,6e-05,0.56601,0.0922,0.745695,0.118602
"2026-02-02 00:12:13,730",455,455,0.000435,6e-05,0.567169,0.092385,0.746626,0.118773
"2026-02-02 00:12:20,993",460,460,0.000434,6e-05,0.56826,0.092518,0.74736,0.118821
"2026-02-02 00:12:28,167",465,465,0.000434,6.1e-05,0.568872,0.092396,0.747781,0.118708
"2026-02-02 00:12:35,412",470,470,0.000433,6.1e-05,0.56959,0.092348,0.748308,0.118666
"2026-02-02 00:12:42,833",475,475,0.000432,6.1e-05,0.569904,0.092127,0.748561,0.118508
"2026-02-02 00:12:50,121",480,480,0.000431,6.1e-05,0.570861,0.092217,0.74937,0.118615
"2026-02-02 00:12:57,164",485,485,0.00043,6.1e-05,0.57172,0.092264,0.750035,0.118657
"2026-02-02 00:13:04,065",490,490,0.000429,6.1e-05,0.572813,0.092407,0.750887,0.118774
"2026-02-02 00:13:11,247",495,495,0.000428,6.1e-05,0.57401,0.092584,0.751682,0.118865
"2026-02-02 00:13:18,243",500,500,0.000426,6.1e-05,0.575124,0.092722,0.752659,0.11902
"2026-02-02 00:13:24,757",505,505,0.000425,6.1e-05,0.575716,0.09267,0.753146,0.118993
"2026-02-02 00:13:31,890",510,510,0.000426,6.1e-05,0.57551,0.092351,0.752838,0.118698
"2026-02-02 00:13:38,996",515,515,0.000425,6.1e-05,0.57642,0.092429,0.753516,0.118754
"2026-02-02 00:13:46,304",520,520,0.000424,6.1e-05,0.577288,0.092494,0.754164,0.1188
"2026-02-02 00:13:53,445",525,525,0.000423,6.1e-05,0.578232,0.092582,0.754876,0.118867
"2026-02-02 00:14:00,332",530,530,0.000423,6.1e-05,0.578663,0.092512,0.755092,0.118782
"2026-02-02 00:14:07,773",535,535,0.000421,6.1e-05,0.579474,0.092563,0.755706,0.118822
"2026-02-02 00:14:15,203",540,540,0.000421,6.1e-05,0.580047,0.092546,0.756154,0.118814
"2026-02-02 00:14:22,389",545,545,0.000419,6.1e-05,0.580968,0.092631,0.756972,0.118913
"2026-02-02 00:14:29,689",550,550,0.000418,6.1e-05,0.581829,0.092699,0.757497,0.11893
"2026-02-02 00:14:37,098",555,555,0.000418,6.1e-05,0.5822,0.092634,0.757884,0.118911
"2026-02-02 00:14:44,145",560,560,0.000418,6.1e-05,0.582154,0.092467,0.757782,0.118766
"2026-02-02 00:14:51,290",565,565,0.000417,6.1e-05,0.582794,0.092485,0.758399,0.118815
"2026-02-02 00:14:58,459",570,570,0.000416,6.1e-05,0.583488,0.092518,0.758961,0.118849
"2026-02-02 00:15:05,467",575,575,0.000414,6e-05,0.584608,0.092658,0.759945,0.118989
"2026-02-02 00:15:12,376",580,580,0.000414,6e-05,0.585155,0.092656,0.760343,0.118983
"2026-02-02 00:15:19,569",585,585,0.000415,6.1e-05,0.584971,0.092482,0.760072,0.118819
"2026-02-02 00:15:26,678",590,590,0.000415,6.1e-05,0.585116,0.092394,0.760094,0.118731
"2026-02-02 00:15:33,710",595,595,0.000414,8.2e-05,0.58608,0.147162,0.760795,0.183803
"2026-02-02 00:15:40,862",600,600,0.000414,8.9e-05,0.586451,0.143214,0.760899,0.180272
"2026-02-02 00:15:47,931",605,605,0.000416,9.8e-05,0.586449,0.141,0.760521,0.177749
"2026-02-02 00:15:55,286",610,610,0.000417,9.7e-05,0.587599,0.143056,0.761258,0.17955
"2026-02-02 00:16:02,096",615,615,0.000415,9.2e-05,0.589351,0.145499,0.762441,0.181513
"2026-02-02 00:16:09,416",620,620,0.000414,9.1e-05,0.589986,0.145199,0.762847,0.181472
"2026-02-02 00:16:16,855",625,625,0.000414,9.1e-05,0.590248,0.144459,0.762846,0.180858
"2026-02-02 00:16:23,897",630,630,0.000413,9.1e-05,0.590937,0.144466,0.763261,0.180939
"2026-02-02 00:16:30,688",635,635,0.000412,9e-05,0.591688,0.144556,0.763859,0.181216
"2026-02-02 00:16:38,056",640,640,0.000412,9e-05,0.59259,0.144794,0.764407,0.181395
"2026-02-02 00:16:45,239",645,645,0.000411,9e-05,0.592943,0.144484,0.764693,0.181302
"2026-02-02 00:16:52,108",650,650,0.000411,8.9e-05,0.593692,0.144575,0.765124,0.181353
"2026-02-02 00:16:59,518",655,655,0.000412,9.1e-05,0.593656,0.144031,0.764879,0.180859
"2026-02-02 00:17:06,689",660,660,0.000415,9.3e-05,0.593408,0.143408,0.764363,0.180232
"2026-02-02 00:17:13,957",665,665,0.000416,9.3e-05,0.593727,0.143266,0.764374,0.180056
"2026-02-02 00:17:21,127",670,670,0.000414,9.2e-05,0.595038,0.143803,0.765238,0.180469
"2026-02-02 00:17:28,265",675,675,0.000413,9.2e-05,0.595575,0.143802,0.765578,0.180511
"2026-02-02 00:17:35,804",680,680,0.000423,9.8e-05,0.595194,0.143258,0.764885,0.179935
"2026-02-02 00:17:42,875",685,685,0.00043,0.000101,0.594215,0.14243,0.763602,0.17908
"2026-02-02 00:17:50,114",690,690,0.000431,0.000101,0.594474,0.142351,0.76355,0.178971
"2026-02-02 00:17:57,582",695,695,0.00043,0.000101,0.595362,0.142609,0.76405,0.17916
"2026-02-02 00:18:04,596",700,700,0.000429,0.0001,0.595695,0.142572,0.76415,0.179134
"2026-02-02 00:18:11,716",705,705,0.000429,0.0001,0.59631,0.142677,0.764524,0.179243
"2026-02-02 00:18:18,721",710,710,0.000428,9.9e-05,0.597173,0.142892,0.76509,0.179435
"2026-02-02 00:18:25,656",715,715,0.000427,9.9e-05,0.597647,0.14292,0.765259,0.179437
"2026-02-02 00:18:33,070",720,720,0.000426,9.8e-05,0.598873,0.143275,0.766062,0.179714
"2026-02-02 00:18:40,155",725,725,0.000427,9.8e-05,0.599189,0.143227,0.76601,0.179616
"2026-02-02 00:18:47,738",730,730,0.000427,9.8e-05,0.599786,0.1433,0.766373,0.179694
"2026-02-02 00:18:54,973",735,735,0.000426,9.7e-05,0.600265,0.143324,0.766627,0.179725
"2026-02-02 00:19:02,040",740,740,0.000427,9.8e-05,0.600275,0.143168,0.76644,0.179586
"2026-02-02 00:19:09,368",745,745,0.000427,9.8e-05,0.600557,0.143125,0.766533,0.17956
"2026-02-02 00:19:16,358",750,750,0.00043,9.9e-05,0.600334,0.142901,0.766057,0.179327
"2026-02-02 00:19:23,220",755,755,0.00043,9.8e-05,0.600579,0.142856,0.766228,0.179338
"2026-02-02 00:19:30,259",760,760,0.000431,9.9e-05,0.600414,0.142673,0.765966,0.179198
"2026-02-02 00:19:37,156",765,765,0.000431,9.8e-05,0.600482,0.142578,0.76593,0.179142
"2026-02-02 00:19:44,815",770,770,0.00043,9.8e-05,0.600531,0.142483,0.765909,0.179094
"2026-02-02 00:19:52,092",775,775,0.000434,9.9e-05,0.60014,0.14225,0.76538,0.178882
"2026-02-02 00:19:59,119",780,780,0.000433,9.9e-05,0.600852,0.14238,0.765828,0.178993
"2026-02-02 00:20:06,326",785,785,0.000434,9.9e-05,0.600999,0.14233,0.765687,0.178914
"2026-02-02 00:20:13,721",790,790,0.000433,9.9e-05,0.60165,0.142437,0.766042,0.178991
"2026-02-02 00:20:20,954",795,795,0.000433,9.9e-05,0.601748,0.142375,0.76599,0.178944
"2026-02-02 00:20:27,866",800,800,0.000433,9.8e-05,0.602081,0.142385,0.766101,0.178946
"2026-02-02 00:20:34,985",805,805,0.000434,9.9e-05,0.602101,0.142305,0.766009,0.17889
"2026-02-02 00:20:42,101",810,810,0.000434,9.8e-05,0.602746,0.142408,0.766301,0.178946
"2026-02-02 00:20:49,482",815,815,0.000435,9.9e-05,0.602797,0.142342,0.766214,0.178894
"2026-02-02 00:20:56,336",820,820,0.000435,0.000182,0.602989,0.166941,0.766268,0.215871
"2026-02-02 00:21:03,441",825,825,0.00044,0.000192,0.602448,0.179691,0.765593,0.227335
"2026-02-02 00:21:10,670",830,830,0.00044,0.000167,0.602406,0.183611,0.765417,0.231139
"2026-02-02 00:21:18,047",835,835,0.000441,0.000158,0.602327,0.184912,0.765269,0.232653
"2026-02-02 00:21:25,552",840,840,0.000441,0.000151,0.602329,0.185836,0.765308,0.234018
"2026-02-02 00:21:32,742",845,845,0.000441,0.000148,0.602176,0.186016,0.765113,0.234266
"2026-02-02 00:21:40,044",850,850,0.000441,0.000147,0.601988,0.186056,0.764918,0.234429
"2026-02-02 00:21:47,048",855,855,0.000441,0.000145,0.601911,0.186287,0.764795,0.234674
"2026-02-02 00:21:54,249",860,860,0.000441,0.000142,0.602325,0.187255,0.765024,0.235429
"2026-02-02 00:22:01,540",865,865,0.000443,0.000144,0.601708,0.186521,0.764288,0.23462
"2026-02-02 00:22:08,589",870,870,0.000444,0.000144,0.601335,0.186245,0.763805,0.234293
"2026-02-02 00:22:15,499",875,875,0.000444,0.000144,0.600847,0.185873,0.763396,0.234107
"2026-02-02 00:22:22,610",880,880,0.000446,0.000144,0.600452,0.18566,0.762938,0.233892
"2026-02-02 00:22:29,430",885,885,0.000446,0.000143,0.600391,0.18582,0.762806,0.234041
"2026-02-02 00:22:36,654",890,890,0.000445,0.000142,0.600353,0.185979,0.762797,0.234287
"2026-02-02 00:22:43,908",895,895,0.000447,0.000143,0.59947,0.18535,0.761974,0.233761
"2026-02-02 00:22:51,054",900,900,0.000447,0.000143,0.599194,0.185309,0.761666,0.233734
"2026-02-02 00:22:58,319",905,905,0.000447,0.000142,0.599371,0.18564,0.761746,0.234021
"2026-02-02 00:23:05,339",910,910,0.000446,0.000141,0.599379,0.185804,0.761783,0.234245
"2026-02-02 00:23:12,425",915,915,0.000446,0.00014,0.599272,0.185868,0.761739,0.234386
"2026-02-02 00:23:19,368",920,920,0.000445,0.000139,0.59943,0.186109,0.761883,0.234645
"2026-02-02 00:23:26,429",925,925,0.000445,0.000139,0.599407,0.186208,0.761802,0.234729
"2026-02-02 00:23:33,703",930,930,0.000447,0.00014,0.598942,0.186012,0.761302,0.234534
"2026-02-02 00:23:40,858",935,935,0.000447,0.00014,0.598969,0.186135,0.761323,0.234676
"2026-02-02 00:23:47,881",940,940,0.000447,0.000139,0.598988,0.186244,0.761276,0.234767
"2026-02-02 00:23:54,590",945,945,0.000447,0.000139,0.598759,0.186201,0.761055,0.234749
"2026-02-02 00:24:01,821",950,950,0.000449,0.00014,0.598484,0.186134,0.760697,0.234654
"2026-02-02 00:24:08,395",955,955,0.000449,0.00014,0.598428,0.186189,0.760571,0.23469
"2026-02-02 00:24:15,069",960,960,0.000451,0.00014,0.598087,0.186091,0.760143,0.234564
"2026-02-02 00:24:21,775",965,965,0.000452,0.000141,0.598007,0.186129,0.760037,0.234609
"2026-02-02 00:24:28,872",970,970,0.000452,0.000141,0.597755,0.186081,0.75969,0.234531
"2026-02-02 00:24:36,096",975,975,0.000452,0.00014,0.597959,0.186253,0.759854,0.234703
"2026-02-02 00:24:43,118",980,980,0.000451,0.00014,0.598026,0.186352,0.759941,0.234828
"2026-02-02 00:24:50,312",985,985,0.000451,0.000139,0.598212,0.186499,0.76006,0.234961
"2026-02-02 00:24:57,312",990,990,0.00045,0.000139,0.598392,0.186636,0.760188,0.235091
"2026-02-02 00:25:04,375",995,995,0.000452,0.00014,0.598003,0.186518,0.759681,0.234936
"2026-02-02 00:25:11,496",1000,1000,0.000453,0.00014,0.597975,0.186558,0.759619,0.234978
"2026-02-02 00:25:18,520",1005,1005,0.000453,0.00014,0.59781,0.186539,0.759357,0.234935
"2026-02-02 00:25:25,834",1010,1010,0.000454,0.00014,0.597485,0.186456,0.759025,0.234864
"2026-02-02 00:25:33,103",1015,1015,0.000453,0.000139,0.597925,0.18668,0.759374,0.235067
"2026-02-02 00:25:40,265",1020,1020,0.000452,0.000139,0.598378,0.186901,0.759673,0.235241
"2026-02-02 00:25:47,572",1025,1025,0.000454,0.00014,0.598256,0.186891,0.759511,0.235232
"2026-02-02 00:25:54,842",1030,1030,0.000456,0.00014,0.598032,0.186844,0.759354,0.235224
"2026-02-02 00:26:01,883",1035,1035,0.000456,0.00014,0.597933,0.186843,0.759293,0.235251
"2026-02-02 00:26:09,089",1040,1040,0.000457,0.00014,0.597735,0.186807,0.759072,0.235219
"2026-02-02 00:26:16,196",1045,1045,0.000457,0.00014,0.598065,0.18696,0.759282,0.235342
"2026-02-02 00:26:23,278",1050,1050,0.000457,0.00014,0.598364,0.187096,0.759433,0.235439
"2026-02-02 00:26:30,478",1055,1055,0.00046,0.000141,0.598208,0.187071,0.75918,0.235393
"2026-02-02 00:26:37,534",1060,1060,0.00046,0.000141,0.59832,0.187137,0.759291,0.235472
"2026-02-02 00:26:44,658",1065,1065,0.000462,0.000141,0.5982,0.187124,0.759105,0.235448
"2026-02-02 00:26:51,351",1070,1070,0.000462,0.000141,0.59826,0.187169,0.759074,0.235476
"2026-02-02 00:26:58,466",1075,1075,0.000462,0.000141,0.598228,0.187184,0.758996,0.235488
"2026-02-02 00:27:05,849",1080,1080,0.000462,0.000141,0.597971,0.187126,0.758732,0.23544
"2026-02-02 00:27:12,993",1085,1085,0.000462,0.00014,0.598044,0.187173,0.75878,0.23549
"2026-02-02 00:27:20,218",1090,1090,0.000462,0.000141,0.597695,0.187088,0.758473,0.235429
"2026-02-02 00:27:27,530",1095,1095,0.000462,0.00014,0.597806,0.187145,0.758517,0.235477
"2026-02-02 00:27:34,770",1100,1100,0.000462,0.00014,0.598041,0.187239,0.758658,0.235552
"2026-02-02 00:27:41,786",1105,1105,0.000463,0.00014,0.597828,0.187196,0.758392,0.235504
"2026-02-02 00:27:48,684",1110,1110,0.000463,0.00014,0.597609,0.187152,0.758193,0.235477
"2026-02-02 00:27:55,954",1115,1115,0.000464,0.00014,0.597593,0.187168,0.758151,0.235495
"2026-02-02 00:28:03,201",1120,1120,0.000464,0.00014,0.597736,0.18723,0.758217,0.235544
"2026-02-02 00:28:10,069",1125,1125,0.000464,0.00014,0.597699,0.187238,0.758147,0.235553
"2026-02-02 00:28:17,019",1130,1130,0.000464,0.00014,0.597917,0.187318,0.758324,0.23563
"2026-02-02 00:28:24,069",1135,1135,0.000463,0.00014,0.597961,0.187347,0.758411,0.235681
"2026-02-02 00:28:31,145",1140,1140,0.000464,0.00014,0.597716,0.187297,0.758188,0.235645
"2026-02-02 00:28:38,147",1145,1145,0.000463,0.00014,0.597973,0.187383,0.758384,0.235724
"2026-02-02 00:28:45,237",1150,1150,0.000463,0.00014,0.597995,0.187404,0.758394,0.23575
"2026-02-02 00:28:52,060",1155,1155,0.000463,0.000139,0.597962,0.187411,0.758316,0.235753
"2026-02-02 00:28:59,210",1160,1160,0.000464,0.00014,0.597695,0.187356,0.757987,0.23569
"2026-02-02 00:29:06,321",1165,1165,0.000464,0.00014,0.597671,0.187364,0.758022,0.235721
"2026-02-02 00:29:13,353",1170,1170,0.000464,0.000139,0.597681,0.187381,0.757999,0.235738
"2026-02-02 00:29:20,301",1175,1175,0.000465,0.00014,0.597566,0.187366,0.757848,0.235721
"2026-02-02 00:29:27,340",1180,1180,0.000466,0.00014,0.596997,0.187237,0.757248,0.235592
"2026-02-02 00:29:34,368",1185,1185,0.000466,0.00014,0.596864,0.187219,0.757138,0.235586
"2026-02-02 00:29:41,423",1190,1190,0.000466,0.00014,0.597109,0.187295,0.757352,0.235661
"2026-02-02 00:29:48,169",1195,1195,0.000465,0.000139,0.597357,0.187369,0.757588,0.23574
"2026-02-02 00:29:55,201",1200,1200,0.000465,0.000139,0.597293,0.187367,0.757529,0.235745
"2026-02-02 00:30:01,898",1205,1205,0.000466,0.000139,0.597138,0.187342,0.75732,0.235714
"2026-02-02 00:30:08,950",1210,1210,0.000467,0.00014,0.596878,0.187293,0.757054,0.23567
"2026-02-02 00:30:15,968",1215,1215,0.000467,0.00014,0.596958,0.187325,0.757103,0.235701
"2026-02-02 00:30:23,134",1220,1220,0.000467,0.000139,0.597017,0.187352,0.757157,0.235733
"2026-02-02 00:30:30,189",1225,1225,0.000466,0.000139,0.596987,0.187357,0.757166,0.235753
"2026-02-02 00:30:37,357",1230,1230,0.000468,0.00014,0.596792,0.187324,0.756922,0.235715
"2026-02-02 00:30:43,946",1235,1235,0.000467,0.000139,0.59687,0.187354,0.756959,0.235741
"2026-02-02 00:30:50,535",1240,1240,0.000469,0.00014,0.59668,0.187322,0.756733,0.235707
"2026-02-02 00:30:57,239",1245,1245,0.000468,0.00014,0.596647,0.187326,0.756764,0.235731
"2026-02-02 00:31:03,822",1250,1250,0.000468,0.000139,0.596601,0.187327,0.756735,0.235742
"2026-02-02 00:31:10,783",1255,1255,0.000468,0.000139,0.596511,0.187319,0.756603,0.235729
"2026-02-02 00:31:17,157",1260,1260,0.000471,0.00014,0.596213,0.187264,0.756192,0.235655
"2026-02-02 00:31:24,279",1265,1265,0.000472,0.00014,0.595754,0.187175,0.755742,0.235573
"2026-02-02 00:31:31,197",1270,1270,0.000473,0.00014,0.595643,0.187163,0.755584,0.235556
"2026-02-02 00:31:38,334",1275,1275,0.000473,0.00014,0.595595,0.187165,0.755559,0.235568
"2026-02-02 00:31:45,410",1280,1280,0.000473,0.00014,0.595417,0.187138,0.755369,0.235543
"2026-02-02 00:31:51,990",1285,1285,0.000473,0.00014,0.595398,0.187146,0.75533,0.235552
"2026-02-02 00:31:58,775",1290,1290,0.000474,0.00014,0.595421,0.187162,0.755289,0.235559
"2026-02-02 00:32:05,824",1295,1295,0.000473,0.00014,0.595773,0.187247,0.75556,0.235632
"2026-02-02 00:32:12,753",1300,1300,0.000474,0.00014,0.595562,0.187213,0.755341,0.235601
"2026-02-02 00:32:19,870",1305,1305,0.000473,0.00014,0.595833,0.18728,0.755591,0.235668
"2026-02-02 00:32:26,838",1310,1310,0.000473,0.00014,0.595561,0.187234,0.755374,0.235638
"2026-02-02 00:32:33,630",1315,1315,0.000474,0.00014,0.595523,0.187236,0.755283,0.235634
"2026-02-02 00:32:40,450",1320,1320,0.000474,0.00014,0.595434,0.187228,0.755163,0.235624
"2026-02-02 00:32:46,960",1325,1325,0.000473,0.00014,0.595594,0.18727,0.755287,0.235663
"2026-02-02 00:32:53,844",1330,1330,0.000473,0.00014,0.595814,0.187323,0.755497,0.235719
"2026-02-02 00:33:00,609",1335,1335,0.000472,0.000139,0.595894,0.187348,0.755505,0.235734
"2026-02-02 00:33:07,764",1340,1340,0.000472,0.000139,0.595837,0.187346,0.755486,0.235743
"2026-02-02 00:33:15,063",1345,1345,0.000473,0.000139,0.595944,0.187375,0.755451,0.235749
"2026-02-02 00:33:22,847",1350,1350,0.000473,0.000139,0.595703,0.187336,0.755202,0.235713
"2026-02-02 00:33:30,040",1355,1355,0.000475,0.00014,0.595098,0.187227,0.754592,0.235607
"2026-02-02 00:33:37,175",1360,1360,0.000475,0.00014,0.595356,0.187286,0.754747,0.23565
"2026-02-02 00:33:44,543",1365,1365,0.000474,0.00014,0.595395,0.187302,0.754797,0.235672
"2026-02-02 00:33:51,679",1370,1370,0.000474,0.000139,0.595564,0.187342,0.754906,0.235705
"2026-02-02 00:33:58,682",1375,1375,0.000474,0.000139,0.595581,0.187354,0.754915,0.235719
"2026-02-02 00:34:05,241",1380,1380,0.000474,0.000139,0.595544,0.187354,0.754876,0.235724
"2026-02-02 00:34:12,082",1385,1385,0.000476,0.00014,0.59525,0.187307,0.75452,0.235668
"2026-02-02 00:34:19,022",1390,1390,0.000476,0.00014,0.59527,0.187318,0.754552,0.235686
"2026-02-02 00:34:25,684",1395,1395,0.000476,0.00014,0.595085,0.187291,0.754365,0.235663
"2026-02-02 00:34:32,632",1400,1400,0.000476,0.00014,0.595178,0.187316,0.754468,0.235693
"2026-02-02 00:34:39,495",1405,1405,0.000475,0.000139,0.595369,0.187359,0.7546,0.235729
"2026-02-02 00:34:46,397",1410,1410,0.000476,0.000139,0.595175,0.187331,0.754432,0.235709
"2026-02-02 00:34:53,225",1415,1415,0.000476,0.000139,0.595096,0.187324,0.754307,0.235697
"2026-02-02 00:35:00,337",1420,1420,0.000476,0.000139,0.594941,0.187303,0.754137,0.235677
"2026-02-02 00:35:07,525",1425,1425,0.000476,0.000139,0.595201,0.187357,0.754339,0.235724
"2026-02-02 00:35:14,557",1430,1430,0.000475,0.000139,0.595254,0.187374,0.754426,0.23575
"2026-02-02 00:35:21,302",1435,1435,0.000475,0.000139,0.59557,0.187437,0.754658,0.235802
"2026-02-02 00:35:28,350",1440,1440,0.000474,0.000139,0.595886,0.1875,0.75492,0.235859
"2026-02-02 00:35:35,645",1445,1445,0.000476,0.000139,0.595462,0.18743,0.75448,0.23579
"2026-02-02 00:35:42,225",1450,1450,0.000477,0.000139,0.595154,0.187382,0.754154,0.235742
"2026-02-02 00:35:49,189",1455,1455,0.000477,0.000139,0.595065,0.187373,0.754081,0.235739
"2026-02-02 00:35:56,006",1460,1460,0.000478,0.000139,0.594974,0.187363,0.753972,0.235729
"2026-02-02 00:36:02,841",1465,1465,0.000477,0.000139,0.595147,0.1874,0.754155,0.235771
"2026-02-02 00:36:10,040",1470,1470,0.000477,0.000139,0.595268,0.187427,0.754207,0.235789
"2026-02-02 00:36:17,747",1475,1475,0.000477,0.000139,0.595054,0.187396,0.753984,0.23576
"2026-02-02 00:36:24,744",1480,1480,0.000477,0.000139,0.5951,0.18741,0.754029,0.235777
"2026-02-02 00:36:31,197",1485,1485,0.000478,0.000139,0.594816,0.187367,0.753704,0.23573
"2026-02-02 00:36:38,190",1490,1490,0.000478,0.000139,0.595213,0.187441,0.754039,0.235796
"2026-02-02 00:36:45,077",1495,1495,0.000478,0.000139,0.595177,0.18744,0.75401,0.2358
"2026-02-02 00:36:52,122",1500,1500,0.000479,0.00014,0.595017,0.187419,0.75375,0.235765
"2026-02-02 00:36:58,708",1505,1505,0.000479,0.000139,0.59495,0.187413,0.753697,0.235764
"2026-02-02 00:37:05,560",1510,1510,0.000479,0.000139,0.594911,0.187412,0.753706,0.235774
"2026-02-02 00:37:12,146",1515,1515,0.000479,0.000139,0.594921,0.187419,0.753702,0.235782
"2026-02-02 00:37:18,981",1520,1520,0.000479,0.000139,0.594825,0.187408,0.753614,0.235776
"2026-02-02 00:37:26,020",1525,1525,0.000478,0.000139,0.594805,0.18741,0.75364,0.235788
"2026-02-02 00:37:32,921",1530,1530,0.000479,0.000139,0.594721,0.187402,0.753519,0.235777
"2026-02-02 00:37:39,793",1535,1535,0.000479,0.000139,0.594863,0.187431,0.753631,0.235803
"2026-02-02 00:37:46,727",1540,1540,0.000479,0.000139,0.594652,0.187401,0.753442,0.23578
"2026-02-02 00:37:53,704",1545,1545,0.000478,0.000139,0.594906,0.187448,0.753649,0.235822
"2026-02-02 00:38:00,563",1550,1550,0.000479,0.000139,0.59473,0.187424,0.753456,0.235798
"2026-02-02 00:38:07,970",1555,1555,0.000479,0.000139,0.594653,0.187417,0.753384,0.235794
"2026-02-02 00:38:15,530",1560,1560,0.000478,0.000139,0.594765,0.18744,0.753446,0.235811
"2026-02-02 00:38:22,925",1565,1565,0.000478,0.000139,0.59498,0.187479,0.753585,0.235842
"2026-02-02 00:38:30,116",1570,1570,0.000478,0.000139,0.594785,0.187453,0.753419,0.235822
"2026-02-02 00:38:37,327",1575,1575,0.000478,0.000139,0.594676,0.18744,0.753312,0.235812
"2026-02-02 00:38:44,468",1580,1580,0.000478,0.000139,0.594558,0.187426,0.75318,0.235798
"2026-02-02 00:38:51,831",1585,1585,0.000478,0.000139,0.594695,0.187452,0.7533,0.235825
"2026-02-02 00:38:58,625",1590,1590,0.000478,0.000139,0.594527,0.18743,0.753129,0.235805
"2026-02-02 00:39:06,044",1595,1595,0.000479,0.000139,0.594404,0.187415,0.752998,0.235791
"2026-02-02 00:39:13,532",1600,1600,0.000478,0.000139,0.594478,0.187432,0.753058,0.235808
"2026-02-02 00:39:20,743",1605,1605,0.000478,0.000139,0.594567,0.18745,0.753133,0.235826
"2026-02-02 00:39:28,488",1610,1610,0.000478,0.000139,0.594539,0.18745,0.753135,0.235833
"2026-02-02 00:39:35,517",1615,1615,0.000479,0.000139,0.594358,0.187426,0.752871,0.235799
"2026-02-02 00:39:42,791",1620,1620,0.000479,0.000139,0.594405,0.187438,0.75293,0.235815
"2026-02-02 00:39:49,908",1625,1625,0.00048,0.000139,0.594302,0.187427,0.752781,0.235799
"2026-02-02 00:39:56,852",1630,1630,0.000481,0.000139,0.59442,0.187449,0.752854,0.235816
"2026-02-02 00:40:03,981",1635,1635,0.000481,0.000139,0.594317,0.187438,0.752789,0.235813
"2026-02-02 00:40:11,386",1640,1640,0.000481,0.000139,0.594186,0.187422,0.752662,0.2358
"2026-02-02 00:40:18,644",1645,1645,0.000481,0.000139,0.594176,0.187424,0.752692,0.235811
"2026-02-02 00:40:26,022",1650,1650,0.000481,0.000139,0.59422,0.187435,0.75274,0.235825
"2026-02-02 00:40:33,522",1655,1655,0.000481,0.000139,0.594339,0.187457,0.752841,0.235846
"2026-02-02 00:40:40,554",1660,1660,0.000481,0.000139,0.59437,0.187466,0.75283,0.235851
"2026-02-02 00:40:47,748",1665,1665,0.00048,0.000139,0.594705,0.187521,0.753092,0.235897
"2026-02-02 00:40:54,767",1670,1670,0.00048,0.000165,0.594987,0.237945,0.753301,0.297234
"2026-02-02 00:41:01,824",1675,1675,0.00048,0.000178,0.594787,0.232266,0.753087,0.292075
"2026-02-02 00:41:09,329",1680,1680,0.00048,0.000178,0.594886,0.23359,0.753188,0.293685
"2026-02-02 00:41:16,528",1685,1685,0.000481,0.000178,0.594864,0.233361,0.753109,0.29318
"2026-02-02 00:41:23,615",1690,1690,0.000481,0.000179,0.594913,0.233618,0.753074,0.293126
"2026-02-02 00:41:30,609",1695,1695,0.000481,0.000181,0.594713,0.232652,0.752873,0.292336
"2026-02-02 00:41:37,499",1700,1700,0.000481,0.000181,0.594662,0.232547,0.752795,0.292254
"2026-02-02 00:41:44,821",1705,1705,0.000482,0.000183,0.59445,0.231923,0.752512,0.291496
"2026-02-02 00:41:51,729",1710,1710,0.000484,0.000186,0.594311,0.231659,0.752348,0.291267
"2026-02-02 00:41:58,538",1715,1715,0.000484,0.000186,0.594279,0.231736,0.752275,0.291327
"2026-02-02 00:42:05,808",1720,1720,0.000486,0.000189,0.594209,0.231706,0.752201,0.291372
"2026-02-02 00:42:13,027",1725,1725,0.000485,0.000188,0.594069,0.23152,0.752111,0.291375
"2026-02-02 00:42:19,999",1730,1730,0.000486,0.000188,0.593899,0.2313,0.751906,0.291134
"2026-02-02 00:42:27,065",1735,1735,0.000486,0.000187,0.593946,0.231531,0.751898,0.291308
"2026-02-02 00:42:34,605",1740,1740,0.000486,0.000187,0.59372,0.231237,0.751707,0.291127
"2026-02-02 00:42:41,931",1745,1745,0.000487,0.000187,0.593513,0.231009,0.751485,0.290915
"2026-02-02 00:42:49,207",1750,1750,0.000487,0.000186,0.593405,0.230966,0.751409,0.29096
"2026-02-02 00:42:56,624",1755,1755,0.000487,0.000186,0.593436,0.231139,0.75141,0.291117
"2026-02-02 00:43:03,532",1760,1760,0.000488,0.000187,0.593251,0.23098,0.751177,0.290919
"2026-02-02 00:43:10,632",1765,1765,0.000488,0.000187,0.593044,0.230807,0.750943,0.290737
"2026-02-02 00:43:17,730",1770,1770,0.000488,0.000186,0.593178,0.231097,0.75103,0.290994
"2026-02-02 00:43:24,725",1775,1775,0.000489,0.000187,0.592907,0.230852,0.750746,0.29076
"2026-02-02 00:43:32,083",1780,1780,0.000489,0.000186,0.592885,0.230926,0.750731,0.29087
"2026-02-02 00:43:39,100",1785,1785,0.000489,0.000186,0.59304,0.2312,0.750886,0.291167
"2026-02-02 00:43:46,649",1790,1790,0.000488,0.000185,0.593007,0.231242,0.750867,0.291247
"2026-02-02 00:43:53,967",1795,1795,0.000489,0.000185,0.593067,0.231381,0.750881,0.291357
"2026-02-02 00:44:01,239",1800,1800,0.000489,0.000184,0.593055,0.231435,0.750814,0.291374
"2026-02-02 00:44:08,420",1805,1805,0.000489,0.000227,0.593065,0.280574,0.750789,0.348654
"2026-02-02 00:44:15,586",1810,1810,0.000488,0.000206,0.593748,0.292059,0.751229,0.358103
"2026-02-02 00:44:22,646",1815,1815,0.000487,0.000208,0.594369,0.293088,0.751607,0.358815
"2026-02-02 00:44:29,681",1820,1820,0.000487,0.000205,0.59499,0.293521,0.752045,0.359617
"2026-02-02 00:44:37,088",1825,1825,0.000489,0.000223,0.595146,0.290778,0.751993,0.356899
"2026-02-02 00:44:43,836",1830,1830,0.000488,0.00022,0.5956,0.290636,0.752256,0.356853
"2026-02-02 00:44:50,850",1835,1835,0.000488,0.000219,0.596184,0.291129,0.752597,0.357176
"2026-02-02 00:44:58,005",1840,1840,0.000487,0.000217,0.596596,0.290837,0.752841,0.357045
"2026-02-02 00:45:04,772",1845,1845,0.000487,0.000216,0.597008,0.29062,0.753094,0.356983
"2026-02-02 00:45:11,451",1850,1850,0.000487,0.000216,0.59751,0.29073,0.753357,0.356966
"2026-02-02 00:45:18,296",1855,1855,0.000487,0.000218,0.597483,0.28937,0.753253,0.355943
"2026-02-02 00:45:25,213",1860,1860,0.000488,0.00022,0.597644,0.288721,0.753242,0.355336
"2026-02-02 00:45:32,060",1865,1865,0.000488,0.00022,0.597972,0.288568,0.753419,0.355263
"2026-02-02 00:45:39,222",1870,1870,0.000487,0.000219,0.598377,0.288608,0.753645,0.355307
"2026-02-02 00:45:46,171",1875,1875,0.000486,0.000217,0.598944,0.288973,0.754034,0.355676
"2026-02-02 00:45:53,426",1880,1880,0.000485,0.000216,0.599555,0.289377,0.75448,0.356111
"2026-02-02 00:46:00,681",1885,1885,0.000487,0.000219,0.599831,0.289145,0.754535,0.355801
"2026-02-02 00:46:07,967",1890,1890,0.000487,0.000219,0.600326,0.289309,0.75484,0.355945
"2026-02-02 00:46:15,361",1895,1895,0.000486,0.000217,0.600928,0.289628,0.755235,0.356221
"2026-02-02 00:46:22,560",1900,1900,0.000485,0.000216,0.601607,0.290036,0.75571,0.356592
"2026-02-02 00:46:29,785",1905,1905,0.000486,0.000218,0.601788,0.289692,0.755726,0.356268
"2026-02-02 00:46:37,482",1910,1910,0.000485,0.000217,0.602287,0.289819,0.756025,0.356366
"2026-02-02 00:46:44,482",1915,1915,0.000485,0.000217,0.602752,0.289893,0.75631,0.356437
"2026-02-02 00:46:51,906",1920,1920,0.000484,0.000216,0.603436,0.290241,0.756786,0.356746
"2026-02-02 00:46:59,073",1925,1925,0.000485,0.000217,0.603581,0.289909,0.756779,0.356445
"2026-02-02 00:47:06,178",1930,1930,0.000484,0.000217,0.604166,0.29012,0.757166,0.356629
"2026-02-02 00:47:13,668",1935,1935,0.000484,0.000216,0.604472,0.290002,0.75739,0.356618
"2026-02-02 00:47:21,006",1940,1940,0.000483,0.000216,0.605089,0.290235,0.757828,0.356842
"2026-02-02 00:47:28,147",1945,1945,0.000482,0.000215,0.60575,0.290501,0.758282,0.35707
"2026-02-02 00:47:35,239",1950,1950,0.000481,0.000215,0.606336,0.290676,0.758657,0.357204
"2026-02-02 00:47:42,547",1955,1955,0.000481,0.000214,0.606775,0.290697,0.758954,0.357252
"2026-02-02 00:47:49,470",1960,1960,0.00048,0.000214,0.607288,0.290789,0.759284,0.357333
"2026-02-02 00:47:56,376",1965,1965,0.00048,0.000214,0.607729,0.29081,0.759575,0.357372
"2026-02-02 00:48:03,514",1970,1970,0.000479,0.000213,0.608168,0.290831,0.759867,0.357412
"2026-02-02 00:48:10,391",1975,1975,0.00048,0.000214,0.608378,0.29065,0.759945,0.357261
"2026-02-02 00:48:17,291",1980,1980,0.000479,0.000214,0.608893,0.290743,0.760279,0.35734
"2026-02-02 00:48:24,573",1985,1985,0.000479,0.000214,0.60925,0.290701,0.760504,0.357324
"2026-02-02 00:48:31,483",1990,1990,0.000479,0.000214,0.609233,0.290355,0.760381,0.357025
"2026-02-02 00:48:38,691",1995,1995,0.000479,0.000214,0.60967,0.29039,0.760634,0.357042
"2026-02-02 00:48:45,945",2000,2000,0.000479,0.000214,0.610237,0.290528,0.760994,0.357142
"2026-02-02 00:48:52,608",2005,2005,0.000478,0.000214,0.610786,0.290647,0.76137,0.357252
"2026-02-02 00:48:59,699",2010,2010,0.000477,0.000213,0.611175,0.290642,0.761638,0.357276
"2026-02-02 00:49:06,587",2015,2015,0.000477,0.000214,0.611592,0.29066,0.761904,0.357299
"2026-02-02 00:49:13,825",2020,2020,0.000478,0.000214,0.611858,0.29057,0.762065,0.357246
"2026-02-02 00:49:21,043",2025,2025,0.000477,0.000214,0.61221,0.290545,0.762246,0.357211
"2026-02-02 00:49:28,210",2030,2030,0.000477,0.000214,0.612515,0.29049,0.762444,0.357189
"2026-02-02 00:49:35,686",2035,2035,0.000476,0.000214,0.61284,0.290453,0.762614,0.35715
"2026-02-02 00:49:43,027",2040,2040,0.000477,0.000214,0.613123,0.29039,0.762731,0.357078
"2026-02-02 00:49:50,211",2045,2045,0.000478,0.000215,0.613522,0.290406,0.762961,0.357083
"2026-02-02 00:49:57,225",2050,2050,0.000477,0.000215,0.613907,0.290414,0.763184,0.357085
"2026-02-02 00:50:04,454",2055,2055,0.000478,0.000215,0.613933,0.290196,0.763089,0.356886
"2026-02-02 00:50:11,452",2060,2060,0.000477,0.000215,0.614398,0.290259,0.763411,0.356954
"2026-02-02 00:50:18,509",2065,2065,0.000477,0.000215,0.614824,0.290297,0.763695,0.356996
"2026-02-02 00:50:25,472",2070,2070,0.000477,0.000215,0.615196,0.290303,0.763915,0.356999
"2026-02-02 00:50:32,526",2075,2075,0.000477,0.000215,0.615488,0.290262,0.764088,0.356975
"2026-02-02 00:50:39,734",2080,2080,0.000476,0.000215,0.615969,0.290333,0.764408,0.357037
"2026-02-02 00:50:47,021",2085,2085,0.000476,0.000215,0.616335,0.290337,0.764604,0.357028
"2026-02-02 00:50:53,801",2090,2090,0.000475,0.000214,0.616685,0.290333,0.76485,0.357047
"2026-02-02 00:51:00,411",2095,2095,0.000475,0.000215,0.617008,0.290315,0.765001,0.357014
"2026-02-02 00:51:07,364",2100,2100,0.000475,0.000236,0.617195,0.338855,0.765111,0.421361
"2026-02-02 00:51:14,218",2105,2105,0.000475,0.000247,0.617157,0.336595,0.765122,0.416422
"2026-02-02 00:51:21,358",2110,2110,0.000476,0.000262,0.616703,0.329943,0.764712,0.409619
"2026-02-02 00:51:28,392",2115,2115,0.000478,0.000276,0.616383,0.329057,0.764435,0.408691
"2026-02-02 00:51:35,782",2120,2120,0.000478,0.000277,0.615991,0.328023,0.764125,0.407938
"2026-02-02 00:51:43,079",2125,2125,0.000478,0.000271,0.615946,0.329631,0.76415,0.409646
"2026-02-02 00:51:50,030",2130,2130,0.000479,0.000271,0.615562,0.32887,0.76379,0.408703
"2026-02-02 00:51:56,990",2135,2135,0.000479,0.00027,0.61536,0.329163,0.763663,0.409105
"2026-02-02 00:52:03,595",2140,2140,0.00048,0.00027,0.615153,0.329362,0.763462,0.409103
"2026-02-02 00:52:10,254",2145,2145,0.00048,0.000269,0.614941,0.329494,0.763317,0.409299
"2026-02-02 00:52:17,313",2150,2150,0.000481,0.000269,0.61479,0.329794,0.763181,0.409488
"2026-02-02 00:52:24,257",2155,2155,0.000481,0.00027,0.614459,0.329502,0.762907,0.409225
"2026-02-02 00:52:31,278",2160,2160,0.000481,0.000268,0.614428,0.330079,0.762937,0.409841
"2026-02-02 00:52:38,929",2165,2165,0.000481,0.000267,0.614369,0.330499,0.762937,0.410285
"2026-02-02 00:52:46,228",2170,2170,0.000481,0.000266,0.614267,0.330753,0.762899,0.410577
"2026-02-02 00:52:53,246",2175,2175,0.000482,0.000266,0.614002,0.33061,0.762661,0.410383
"2026-02-02 00:53:00,374",2180,2180,0.000482,0.000265,0.613835,0.330688,0.762541,0.41046
"2026-02-02 00:53:07,453",2185,2185,0.000482,0.000264,0.613663,0.330746,0.762476,0.410634
"2026-02-02 00:53:14,845",2190,2190,0.000483,0.000265,0.61348,0.330775,0.762312,0.410605
"2026-02-02 00:53:21,806",2195,2195,0.000483,0.000266,0.613244,0.330707,0.762125,0.410534
"2026-02-02 00:53:28,967",2200,2200,0.000483,0.000265,0.613082,0.330766,0.76204,0.410643
"2026-02-02 00:53:37,337",2205,2205,0.000484,0.000265,0.612868,0.330736,0.761872,0.410606
"2026-02-02 00:53:44,557",2210,2210,0.000485,0.000266,0.612552,0.33055,0.761578,0.410379
"2026-02-02 00:53:51,911",2215,2215,0.000484,0.000265,0.612658,0.331001,0.761755,0.410864
"2026-02-02 00:53:59,513",2220,2220,0.000484,0.000264,0.612562,0.33113,0.761701,0.410982
"2026-02-02 00:54:06,668",2225,2225,0.000485,0.000264,0.612349,0.331087,0.76154,0.410945
"2026-02-02 00:54:13,628",2230,2230,0.000485,0.000264,0.612082,0.330975,0.761353,0.410875
"2026-02-02 00:54:20,723",2235,2235,0.000485,0.000264,0.611954,0.331047,0.76124,0.410903
"2026-02-02 00:54:27,974",2240,2240,0.000486,0.000264,0.611772,0.331046,0.7611,0.410895
"2026-02-02 00:54:35,340",2245,2245,0.000486,0.000264,0.611631,0.331094,0.761044,0.410988
"2026-02-02 00:54:42,773",2250,2250,0.000486,0.000264,0.611309,0.330928,0.760771,0.410823
"2026-02-02 00:54:49,860",2255,2255,0.000487,0.000264,0.610961,0.330744,0.760464,0.41063
"2026-02-02 00:54:57,387",2260,2260,0.000488,0.000265,0.610705,0.330668,0.760259,0.410559
"2026-02-02 00:55:04,717",2265,2265,0.000488,0.000264,0.610613,0.330769,0.76021,0.410655
"2026-02-02 00:55:12,151",2270,2270,0.000488,0.000264,0.610327,0.330665,0.759989,0.410568
"2026-02-02 00:55:19,733",2275,2275,0.000488,0.000264,0.610212,0.330735,0.759924,0.410642
"2026-02-02 00:55:26,752",2280,2280,0.000488,0.000264,0.609953,0.330662,0.759759,0.410613
"2026-02-02 00:55:33,951",2285,2285,0.000488,0.000264,0.609993,0.330875,0.759826,0.410806
"2026-02-02 00:55:41,301",2290,2290,0.000489,0.000264,0.60981,0.33087,0.759667,0.41078
"2026-02-02 00:55:48,421",2295,2295,0.000489,0.000263,0.609628,0.330866,0.759566,0.410807
"2026-02-02 00:55:55,368",2300,2300,0.000491,0.000265,0.609149,0.330599,0.759103,0.410512
"2026-02-02 00:56:02,845",2305,2305,0.000495,0.000563,0.608771,0.361949,0.758685,0.449581
"2026-02-02 00:56:09,858",2310,2310,0.000496,0.000426,0.608623,0.36831,0.758485,0.457158
"2026-02-02 00:56:16,843",2315,2315,0.000497,0.000383,0.608646,0.372113,0.758463,0.461351
"2026-02-02 00:56:24,319",2320,2320,0.000499,0.000382,0.608393,0.371069,0.758162,0.460438
"2026-02-02 00:56:30,968",2325,2325,0.000501,0.000383,0.60814,0.370466,0.757813,0.459543
"2026-02-02 00:56:37,730",2330,2330,0.000502,0.000373,0.608067,0.371229,0.757681,0.460348
"2026-02-02 00:56:45,299",2335,2335,0.000502,0.000363,0.608109,0.372383,0.757702,0.461734
"2026-02-02 00:56:52,472",2340,2340,0.000502,0.000355,0.60803,0.372663,0.757607,0.462208
"2026-02-02 00:56:59,605",2345,2345,0.000502,0.00035,0.608001,0.373083,0.757546,0.462716
"2026-02-02 00:57:06,894",2350,2350,0.000504,0.000352,0.607683,0.372327,0.757172,0.461935
"2026-02-02 00:57:14,369",2355,2355,0.000503,0.000346,0.607936,0.373663,0.757339,0.463146
"2026-02-02 00:57:21,623",2360,2360,0.000504,0.000343,0.6079,0.373864,0.757285,0.46346
"2026-02-02 00:57:28,763",2365,2365,0.000503,0.000338,0.607903,0.374148,0.757316,0.463966
"2026-02-02 00:57:36,267",2370,2370,0.000504,0.000339,0.607763,0.374006,0.757162,0.463906
"2026-02-02 00:57:43,593",2375,2375,0.000505,0.000337,0.607778,0.374269,0.757109,0.464101
"2026-02-02 00:57:50,804",2380,2380,0.000508,0.000343,0.607645,0.374152,0.756874,0.463846
"2026-02-02 00:57:58,050",2385,2385,0.00051,0.000344,0.607502,0.374027,0.756643,0.463627
"2026-02-02 00:58:05,201",2390,2390,0.00051,0.000343,0.607692,0.374609,0.756754,0.464146
"2026-02-02 00:58:12,136",2395,2395,0.00051,0.000341,0.607683,0.374737,0.756699,0.464282
"2026-02-02 00:58:19,273",2400,2400,0.000511,0.000341,0.607511,0.374544,0.756519,0.464168
"2026-02-02 00:58:26,404",2405,2405,0.000512,0.000341,0.607437,0.374543,0.756445,0.464254
"2026-02-02 00:58:33,586",2410,2410,0.000513,0.000341,0.607226,0.374308,0.756236,0.464099
"2026-02-02 00:58:40,781",2415,2415,0.000515,0.000343,0.607013,0.374088,0.755929,0.463795
"2026-02-02 00:58:47,754",2420,2420,0.000516,0.000342,0.606969,0.374154,0.755807,0.463808
"2026-02-02 00:58:54,651",2425,2425,0.000518,0.000344,0.606885,0.374152,0.755638,0.463747
"2026-02-02 00:59:01,830",2430,2430,0.000518,0.000343,0.606796,0.374143,0.75553,0.46378
"2026-02-02 00:59:09,278",2435,2435,0.000522,0.000347,0.606584,0.373961,0.755266,0.463589
"2026-02-02 00:59:16,376",2440,2440,0.000523,0.000346,0.606659,0.374181,0.755296,0.46381
"2026-02-02 00:59:23,772",2445,2445,0.000523,0.000345,0.606668,0.374299,0.755276,0.46395
"2026-02-02 00:59:31,174",2450,2450,0.000523,0.000343,0.606653,0.374379,0.755209,0.464021
"2026-02-02 00:59:38,594",2455,2455,0.000525,0.000344,0.606183,0.373892,0.754675,0.463511
"2026-02-02 00:59:45,501",2460,2460,0.000526,0.000344,0.606165,0.373975,0.754611,0.463593
"2026-02-02 00:59:52,456",2465,2465,0.000527,0.000344,0.605829,0.373682,0.754237,0.463309
"2026-02-02 00:59:59,377",2470,2470,0.000528,0.000345,0.605627,0.373558,0.753979,0.463172
"2026-02-02 01:00:06,704",2475,2475,0.000528,0.000343,0.605793,0.373844,0.754094,0.463452
"2026-02-02 01:00:14,014",2480,2480,0.00053,0.000344,0.605624,0.373756,0.753882,0.463366
"2026-02-02 01:00:21,199",2485,2485,0.000533,0.000346,0.60557,0.373792,0.753761,0.463379
"2026-02-02 01:00:28,128",2490,2490,0.000536,0.000349,0.60548,0.37379,0.753606,0.463356
"2026-02-02 01:00:35,574",2495,2495,0.000537,0.000348,0.605422,0.373819,0.753487,0.46337
"2026-02-02 01:00:42,607",2500,2500,0.000537,0.000347,0.605381,0.373863,0.753395,0.463408
"2026-02-02 01:00:49,791",2505,2505,0.000537,0.000346,0.605288,0.373854,0.753289,0.463431
"2026-02-02 01:00:56,615",2510,2510,0.000538,0.000346,0.605004,0.373669,0.752997,0.46328
"2026-02-02 01:01:03,418",2515,2515,0.000538,0.000346,0.605132,0.373866,0.753012,0.463414
"2026-02-02 01:01:10,753",2520,2520,0.000538,0.000345,0.605031,0.373851,0.75291,0.463438
"2026-02-02 01:01:17,739",2525,2525,0.000539,0.000345,0.604819,0.373739,0.752668,0.463338
"2026-02-02 01:01:24,333",2530,2530,0.000543,0.000347,0.604781,0.373779,0.752587,0.46338
"2026-02-02 01:01:31,313",2535,2535,0.000543,0.000346,0.604841,0.373901,0.752629,0.463522
"2026-02-02 01:01:38,565",2540,2540,0.000544,0.000346,0.604671,0.373828,0.752431,0.463461
"2026-02-02 01:01:45,646",2545,2545,0.000545,0.000346,0.604511,0.373766,0.752213,0.463386
"2026-02-02 01:01:52,638",2550,2550,0.000546,0.000346,0.604274,0.373645,0.751936,0.463267
"2026-02-02 01:01:59,501",2555,2555,0.000546,0.000346,0.604268,0.373708,0.751851,0.463301
"2026-02-02 01:02:06,551",2560,2560,0.000548,0.000346,0.604152,0.373684,0.751673,0.463262
"2026-02-02 01:02:13,541",2565,2565,0.000548,0.000346,0.604256,0.373825,0.751667,0.463353
"2026-02-02 01:02:20,791",2570,2570,0.000553,0.000348,0.603816,0.373561,0.751137,0.463054
"2026-02-02 01:02:27,827",2575,2575,0.000553,0.000347,0.603804,0.373616,0.751099,0.463122
"2026-02-02 01:02:35,064",2580,2580,0.000553,0.000347,0.603643,0.373561,0.750928,0.463092
"2026-02-02 01:02:41,785",2585,2585,0.000554,0.000347,0.603661,0.373635,0.750875,0.463146
"2026-02-02 01:02:48,682",2590,2590,0.000554,0.000346,0.603662,0.373694,0.750854,0.46322
"2026-02-02 01:02:55,587",2595,2595,0.000555,0.000367,0.603766,0.42948,0.750905,0.528175
"2026-02-02 01:03:02,282",2600,2600,0.000555,0.000364,0.603982,0.429042,0.751113,0.52885
"2026-02-02 01:03:09,167",2605,2605,0.000554,0.000363,0.604407,0.432122,0.751425,0.53059
"2026-02-02 01:03:16,379",2610,2610,0.000554,0.000367,0.604593,0.430887,0.751568,0.529538
"2026-02-02 01:03:23,464",2615,2615,0.000553,0.000366,0.604905,0.43129,0.751827,0.529948
"2026-02-02 01:03:30,518",2620,2620,0.000552,0.000365,0.605363,0.432597,0.752169,0.530816
"2026-02-02 01:03:37,573",2625,2625,0.000552,0.000368,0.605437,0.431191,0.752244,0.529804
"2026-02-02 01:03:44,504",2630,2630,0.000551,0.000367,0.605749,0.431414,0.752486,0.529941
"2026-02-02 01:03:51,605",2635,2635,0.000551,0.000367,0.605941,0.431026,0.752677,0.529814
"2026-02-02 01:03:58,776",2640,2640,0.00055,0.000367,0.60619,0.430961,0.752898,0.529844
"2026-02-02 01:04:05,796",2645,2645,0.00055,0.000367,0.606513,0.431195,0.753118,0.529864
"2026-02-02 01:04:12,762",2650,2650,0.000549,0.000367,0.606654,0.430756,0.753266,0.529633
"2026-02-02 01:04:19,423",2655,2655,0.000548,0.000366,0.607059,0.431242,0.753611,0.530075
"2026-02-02 01:04:26,178",2660,2660,0.000548,0.000366,0.607392,0.431446,0.753871,0.530203
"2026-02-02 01:04:33,222",2665,2665,0.000547,0.000366,0.607543,0.431113,0.754026,0.530022
"2026-02-02 01:04:39,973",2670,2670,0.000547,0.000367,0.607629,0.430656,0.7541,0.529653
"2026-02-02 01:04:46,855",2675,2675,0.000547,0.000367,0.607854,0.430597,0.754262,0.529548
"2026-02-02 01:04:54,469",2680,2680,0.000546,0.000367,0.608324,0.43112,0.754617,0.529907
"2026-02-02 01:05:01,478",2685,2685,0.000545,0.000367,0.60862,0.431205,0.75487,0.530002
"2026-02-02 01:05:08,385",2690,2690,0.000546,0.000369,0.608771,0.430978,0.754947,0.529719
"2026-02-02 01:05:15,440",2695,2695,0.000545,0.000369,0.609071,0.431073,0.755171,0.529762
"2026-02-02 01:05:22,219",2700,2700,0.000545,0.000368,0.609379,0.431179,0.75541,0.529829
"2026-02-02 01:05:29,237",2705,2705,0.000545,0.000371,0.609357,0.430669,0.755344,0.529331
"2026-02-02 01:05:36,216",2710,2710,0.000548,0.000376,0.60912,0.429822,0.755071,0.528512
"2026-02-02 01:05:43,004",2715,2715,0.000547,0.000376,0.609317,0.42978,0.755197,0.528431
"2026-02-02 01:05:49,654",2720,2720,0.000547,0.000375,0.609647,0.429959,0.755466,0.528592
"2026-02-02 01:05:56,301",2725,2725,0.000546,0.000418,0.609859,0.486654,0.755587,0.589745
"2026-02-02 01:06:03,473",2730,2730,0.000546,0.000401,0.610183,0.489459,0.755772,0.593249
"2026-02-02 01:06:10,400",2735,2735,0.000545,0.000393,0.610723,0.493778,0.756155,0.597308
"2026-02-02 01:06:17,338",2740,2740,0.000544,0.000392,0.611064,0.493036,0.756396,0.597188
"2026-02-02 01:06:24,332",2745,2745,0.000545,0.0004,0.611259,0.491225,0.75651,0.595894
"2026-02-02 01:06:31,372",2750,2750,0.000544,0.000401,0.611408,0.489737,0.756572,0.594677
"2026-02-02 01:06:38,268",2755,2755,0.000544,0.000402,0.611629,0.489201,0.756672,0.594098
"2026-02-02 01:06:45,360",2760,2760,0.000544,0.0004,0.612082,0.490158,0.756951,0.594717
"2026-02-02 01:06:52,252",2765,2765,0.000544,0.000402,0.612262,0.4895,0.757024,0.594139
"2026-02-02 01:06:59,127",2770,2770,0.000543,0.000402,0.61248,0.489161,0.757176,0.594044
"2026-02-02 01:07:06,228",2775,2775,0.000543,0.000402,0.61279,0.489272,0.757375,0.594167
"2026-02-02 01:07:13,279",2780,2780,0.000542,0.0004,0.613212,0.489786,0.757662,0.594602
"2026-02-02 01:07:20,205",2785,2785,0.000542,0.0004,0.613362,0.489281,0.757766,0.594335
"2026-02-02 01:07:27,017",2790,2790,0.000541,0.000401,0.61356,0.489006,0.757905,0.594221
"2026-02-02 01:07:33,973",2795,2795,0.000541,0.000399,0.613951,0.489352,0.758186,0.594551
"2026-02-02 01:07:40,856",2800,2800,0.00054,0.000399,0.614403,0.489827,0.758477,0.59487
"2026-02-02 01:07:48,028",2805,2805,0.00054,0.000399,0.614608,0.489594,0.758575,0.594641
"2026-02-02 01:07:55,094",2810,2810,0.000539,0.0004,0.614893,0.489591,0.758716,0.594548
"2026-02-02 01:08:02,205",2815,2815,0.000539,0.0004,0.615052,0.489294,0.75883,0.594402
"2026-02-02 01:08:09,186",2820,2820,0.000539,0.0004,0.615265,0.489149,0.758937,0.594256
"2026-02-02 01:08:16,073",2825,2825,0.000538,0.0004,0.615533,0.489138,0.759119,0.594285
"2026-02-02 01:08:23,139",2830,2830,0.000538,0.000401,0.615798,0.489122,0.759275,0.594261
"2026-02-02 01:08:30,245",2835,2835,0.000538,0.0004,0.616208,0.489394,0.759541,0.594454
"2026-02-02 01:08:37,565",2840,2840,0.000537,0.0004,0.616358,0.489158,0.759633,0.594307
"2026-02-02 01:08:44,832",2845,2845,0.000537,0.0004,0.616645,0.48919,0.75981,0.594325
"2026-02-02 01:08:52,056",2850,2850,0.000536,0.000399,0.617013,0.48936,0.760053,0.594457
"2026-02-02 01:08:59,172",2855,2855,0.000537,0.000401,0.617096,0.489044,0.760044,0.59416
"2026-02-02 01:09:06,234",2860,2860,0.000536,0.000401,0.617327,0.48899,0.760169,0.5941
"2026-02-02 01:09:13,020",2865,2865,0.000536,0.000401,0.617576,0.48897,0.760285,0.594031
"2026-02-02 01:09:20,085",2870,2870,0.000536,0.000401,0.617743,0.488828,0.760396,0.593961
"2026-02-02 01:09:27,310",2875,2875,0.000535,0.000401,0.618143,0.489037,0.760669,0.594131
"2026-02-02 01:09:34,544",2880,2880,0.000535,0.000401,0.618476,0.48914,0.760879,0.594203
"2026-02-02 01:09:41,854",2885,2885,0.000534,0.000401,0.618862,0.489309,0.761149,0.594353
"2026-02-02 01:09:49,110",2890,2890,0.000534,0.0004,0.619323,0.489571,0.761466,0.594559
"2026-02-02 01:09:56,514",2895,2895,0.000533,0.0004,0.619594,0.489573,0.761655,0.594589
"2026-02-02 01:10:03,684",2900,2900,0.000533,0.0004,0.619915,0.489639,0.761901,0.594689
"2026-02-02 01:10:10,802",2905,2905,0.000532,0.000399,0.620183,0.489639,0.762103,0.59473
"2026-02-02 01:10:17,758",2910,2910,0.000532,0.000399,0.620302,0.48946,0.762171,0.59461
"2026-02-02 01:10:25,248",2915,2915,0.000532,0.0004,0.620333,0.489189,0.762123,0.59436
"2026-02-02 01:10:32,307",2920,2920,0.000531,0.0004,0.620674,0.489284,0.762365,0.594454
"2026-02-02 01:10:39,660",2925,2925,0.000531,0.0004,0.62078,0.489115,0.762381,0.594292
"2026-02-02 01:10:46,397",2930,2930,0.000531,0.0004,0.621026,0.489107,0.762524,0.594278
"2026-02-02 01:10:53,490",2935,2935,0.000531,0.000401,0.621203,0.489027,0.7626,0.594192
"2026-02-02 01:11:00,713",2940,2940,0.000531,0.000401,0.621385,0.488956,0.762684,0.594119
"2026-02-02 01:11:07,329",2945,2945,0.000531,0.000402,0.621642,0.488965,0.762825,0.594108
"2026-02-02 01:11:14,482",2950,2950,0.000531,0.000401,0.622059,0.489136,0.763122,0.594254
"2026-02-02 01:11:21,548",2955,2955,0.00053,0.000401,0.622338,0.489165,0.763274,0.594252
"2026-02-02 01:11:28,673",2960,2960,0.00053,0.000401,0.622518,0.489098,0.76339,0.594216
"2026-02-02 01:11:36,016",2965,2965,0.00053,0.000401,0.622708,0.489045,0.763467,0.594146
"2026-02-02 01:11:43,316",2970,2970,0.00053,0.000402,0.622929,0.489022,0.763601,0.594131
"2026-02-02 01:11:50,518",2975,2975,0.000529,0.000401,0.623267,0.489107,0.763846,0.594218
"2026-02-02 01:11:57,779",2980,2980,0.000528,0.000401,0.623744,0.489315,0.764177,0.594379
"2026-02-02 01:12:04,717",2985,2985,0.000528,0.000401,0.624143,0.489447,0.764453,0.594488
"2026-02-02 01:12:11,901",2990,2990,0.000527,0.0004,0.624323,0.489387,0.764565,0.594451
"2026-02-02 01:12:19,100",2995,2995,0.000527,0.000401,0.624636,0.489442,0.764751,0.594479
"2026-02-02 01:12:25,943",3000,3000,0.000528,0.000401,0.624688,0.489278,0.76469,0.5943
"2026-02-02 01:12:33,157",3005,3005,0.000527,0.000401,0.624913,0.489263,0.764846,0.594305
"2026-02-02 01:12:40,091",3010,3010,0.000527,0.000402,0.624939,0.489088,0.764816,0.59416
"2026-02-02 01:12:47,302",3015,3015,0.000527,0.000402,0.625235,0.489133,0.765001,0.594191
"2026-02-02 01:12:54,421",3020,3020,0.000527,0.000402,0.625433,0.489101,0.765084,0.594142
"2026-02-02 01:13:01,238",3025,3025,0.000527,0.000402,0.625827,0.489221,0.765359,0.594243
"2026-02-02 01:13:08,435",3030,3030,0.000526,0.000402,0.626064,0.48922,0.765518,0.594253
"2026-02-02 01:13:15,501",3035,3035,0.000527,0.000402,0.626145,0.489102,0.765514,0.59414
"2026-02-02 01:13:22,734",3040,3040,0.000526,0.000402,0.626341,0.489073,0.765644,0.594131
"2026-02-02 01:13:29,516",3045,3045,0.000526,0.000402,0.626589,0.489083,0.7658,0.594141
"2026-02-02 01:13:36,289",3050,3050,0.000526,0.000403,0.626722,0.489012,0.76585,0.594075
"2026-02-02 01:13:43,258",3055,3055,0.000526,0.000403,0.626915,0.488984,0.765976,0.594064
"2026-02-02 01:13:49,990",3060,3060,0.000526,0.000403,0.627039,0.488911,0.766034,0.594008
"2026-02-02 01:13:56,918",3065,3065,0.000526,0.000403,0.627202,0.488866,0.766147,0.59399
"2026-02-02 01:14:03,971",3070,3070,0.000525,0.000403,0.627567,0.488961,0.766422,0.594084
"2026-02-02 01:14:11,194",3075,3075,0.000525,0.000403,0.627519,0.488776,0.766327,0.593927
"2026-02-02 01:14:19,103",3080,3080,0.000525,0.000403,0.627722,0.488762,0.766449,0.593918
"2026-02-02 01:14:26,212",3085,3085,0.000525,0.000403,0.627823,0.488682,0.766482,0.593851
"2026-02-02 01:14:33,051",3090,3090,0.000524,0.000403,0.62815,0.488752,0.766688,0.593898
"2026-02-02 01:14:39,928",3095,3095,0.000525,0.000403,0.628314,0.488716,0.766784,0.593875
"2026-02-02 01:14:46,621",3100,3100,0.000524,0.000403,0.628605,0.488762,0.766966,0.593905
"2026-02-02 01:14:54,019",3105,3105,0.000525,0.000403,0.628576,0.488606,0.766888,0.593774
"2026-02-02 01:15:00,762",3110,3110,0.000524,0.000403,0.628706,0.488554,0.766951,0.593733
"2026-02-02 01:15:07,923",3115,3115,0.000524,0.000403,0.628957,0.488576,0.767126,0.593761
"2026-02-02 01:15:15,153",3120,3120,0.000524,0.000403,0.629103,0.488535,0.767215,0.593737
"2026-02-02 01:15:22,176",3125,3125,0.000523,0.000403,0.629368,0.488567,0.767416,0.59378
"2026-02-02 01:15:28,992",3130,3130,0.000523,0.000403,0.629486,0.488511,0.767502,0.593755
"2026-02-02 01:15:36,162",3135,3135,0.000522,0.000403,0.629636,0.488475,0.767618,0.593749
"2026-02-02 01:15:43,089",3140,3140,0.000523,0.000403,0.629783,0.48844,0.767692,0.593718
"2026-02-02 01:15:49,754",3145,3145,0.000524,0.000404,0.62992,0.488399,0.767758,0.593684
"2026-02-02 01:15:56,733",3150,3150,0.000524,0.000404,0.630167,0.488422,0.767937,0.593714
"2026-02-02 01:16:04,029",3155,3155,0.000523,0.000404,0.630318,0.488391,0.768038,0.593701
"2026-02-02 01:16:11,122",3160,3160,0.000523,0.000404,0.630601,0.488434,0.768243,0.593745
"2026-02-02 01:16:17,687",3165,3165,0.000522,0.000404,0.630706,0.488379,0.768331,0.593725
"2026-02-02 01:16:24,603",3170,3170,0.000522,0.000404,0.630928,0.488389,0.768471,0.593734
"2026-02-02 01:16:31,767",3175,3175,0.000522,0.000404,0.631069,0.488356,0.768533,0.5937
"2026-02-02 01:16:38,709",3180,3180,0.000523,0.000404,0.631062,0.488244,0.768478,0.593604
"2026-02-02 01:16:45,192",3185,3185,0.000523,0.000405,0.631163,0.488191,0.768515,0.59356
"2026-02-02 01:16:52,212",3190,3190,0.000523,0.000405,0.631518,0.488274,0.768735,0.593613
"2026-02-02 01:16:58,907",3195,3195,0.000523,0.000405,0.63168,0.488255,0.768816,0.593592
"2026-02-02 01:17:05,519",3200,3200,0.000523,0.000405,0.631796,0.488213,0.768877,0.593562
"2026-02-02 01:17:12,455",3205,3205,0.000522,0.000405,0.631942,0.488188,0.768992,0.59356
"2026-02-02 01:17:19,387",3210,3210,0.000522,0.000405,0.632264,0.488252,0.76922,0.593616
"2026-02-02 01:17:26,207",3215,3215,0.000521,0.000404,0.632545,0.488295,0.769431,0.593662
"2026-02-02 01:17:33,108",3220,3220,0.000521,0.000405,0.6327,0.488274,0.769489,0.593632
"2026-02-02 01:17:40,158",3225,3225,0.000521,0.000404,0.632949,0.488301,0.76966,0.593658
"2026-02-02 01:17:47,250",3230,3230,0.00052,0.000418,0.633162,0.54787,0.769823,0.663483
"2026-02-02 01:17:54,395",3235,3235,0.00052,0.000432,0.633321,0.54548,0.769946,0.659821
"2026-02-02 01:18:01,365",3240,3240,0.00052,0.000427,0.633508,0.54586,0.770133,0.660898
"2026-02-02 01:18:08,236",3245,3245,0.000519,0.000427,0.633662,0.545514,0.770258,0.66036
"2026-02-02 01:18:15,271",3250,3250,0.000519,0.000426,0.633815,0.545324,0.770401,0.660293
"2026-02-02 01:18:22,079",3255,3255,0.000519,0.000429,0.633787,0.543469,0.770397,0.658848
"2026-02-02 01:18:29,168",3260,3260,0.000519,0.00043,0.633869,0.543104,0.770481,0.65857
"2026-02-02 01:18:36,222",3265,3265,0.000518,0.000429,0.633963,0.542922,0.770591,0.658555
"2026-02-02 01:18:42,951",3270,3270,0.000518,0.000431,0.633951,0.542135,0.7706,0.657929
"2026-02-02 01:18:49,751",3275,3275,0.000518,0.000429,0.634179,0.542833,0.770779,0.65837
"2026-02-02 01:18:56,921",3280,3280,0.000518,0.000431,0.634239,0.542569,0.770819,0.658037
"2026-02-02 01:19:03,626",3285,3285,0.000518,0.000432,0.634288,0.542303,0.770866,0.657798
"2026-02-02 01:19:10,498",3290,3290,0.000517,0.000432,0.63451,0.542793,0.771041,0.658127
"2026-02-02 01:19:17,439",3295,3295,0.000517,0.000432,0.634564,0.542574,0.771118,0.65803
"2026-02-02 01:19:24,354",3300,3300,0.000517,0.000432,0.634607,0.542344,0.77116,0.657829
"2026-02-02 01:19:31,365",3305,3305,0.000517,0.000433,0.634674,0.542224,0.771203,0.657652
"2026-02-02 01:19:38,456",3310,3310,0.000517,0.000433,0.634666,0.541883,0.771225,0.657436
"2026-02-02 01:19:45,707",3315,3315,0.000517,0.000433,0.634827,0.542085,0.771361,0.657579
"2026-02-02 01:19:52,872",3320,3320,0.000516,0.000433,0.634897,0.542011,0.77144,0.65755
"2026-02-02 01:19:59,958",3325,3325,0.000516,0.000433,0.635024,0.542096,0.771526,0.657543
"2026-02-02 01:20:06,671",3330,3330,0.000516,0.000433,0.635084,0.542003,0.77159,0.65748
"2026-02-02 01:20:13,629",3335,3335,0.000515,0.000432,0.635302,0.542303,0.771777,0.657723
"2026-02-02 01:20:20,742",3340,3340,0.000515,0.000432,0.6355,0.54253,0.771928,0.657862
"2026-02-02 01:20:27,883",3345,3345,0.000515,0.000432,0.635606,0.542534,0.771997,0.657808
"2026-02-02 01:20:35,028",3350,3350,0.000514,0.000432,0.635726,0.542569,0.772098,0.657826
"2026-02-02 01:20:41,921",3355,3355,0.000514,0.000432,0.635791,0.54249,0.772129,0.6577
"2026-02-02 01:20:48,777",3360,3360,0.000515,0.000433,0.635949,0.5426,0.77225,0.657762
"2026-02-02 01:20:55,751",3365,3365,0.000515,0.000433,0.636147,0.54278,0.772404,0.657883
"2026-02-02 01:21:02,763",3370,3370,0.000514,0.000433,0.636318,0.542899,0.772528,0.657941
"2026-02-02 01:21:09,572",3375,3375,0.000514,0.000433,0.63651,0.543046,0.772689,0.658061
"2026-02-02 01:21:16,510",3380,3380,0.000514,0.000433,0.636537,0.542901,0.772723,0.657956
"2026-02-02 01:21:23,871",3385,3385,0.000514,0.000433,0.636515,0.542684,0.772708,0.657775
"2026-02-02 01:21:30,756",3390,3390,0.000514,0.000433,0.636547,0.542568,0.772733,0.657672
"2026-02-02 01:21:37,726",3395,3395,0.000514,0.000434,0.636571,0.542446,0.772764,0.657583
"2026-02-02 01:21:44,906",3400,3400,0.000514,0.000434,0.636695,0.542485,0.772858,0.657596
"2026-02-02 01:21:51,762",3405,3405,0.000514,0.000434,0.636806,0.542503,0.772947,0.657601
"2026-02-02 01:21:58,893",3410,3410,0.000513,0.000434,0.636849,0.54242,0.773028,0.657595
"2026-02-02 01:22:05,723",3415,3415,0.000513,0.000434,0.63702,0.542524,0.773169,0.657674
"2026-02-02 01:22:12,957",3420,3420,0.000513,0.000435,0.636968,0.542316,0.773137,0.657512
"2026-02-02 01:22:20,125",3425,3425,0.000513,0.000435,0.637022,0.542262,0.773171,0.657446
"2026-02-02 01:22:27,115",3430,3430,0.000513,0.000434,0.637136,0.542288,0.773272,0.657471
"2026-02-02 01:22:34,477",3435,3435,0.000513,0.000434,0.637225,0.542281,0.773352,0.65747
"2026-02-02 01:22:41,201",3440,3440,0.000512,0.000434,0.637262,0.542211,0.7734,0.657427
"2026-02-02 01:22:48,254",3445,3445,0.000512,0.000434,0.637388,0.542252,0.773507,0.65746
"2026-02-02 01:22:55,289",3450,3450,0.000512,0.000434,0.637644,0.542448,0.773686,0.657577
"2026-02-02 01:23:02,110",3455,3455,0.000511,0.000434,0.637803,0.542522,0.773838,0.657659
"2026-02-02 01:23:09,171",3460,3460,0.000511,0.000434,0.637944,0.542573,0.773964,0.657708
"2026-02-02 01:23:16,440",3465,3465,0.000511,0.000434,0.637942,0.542461,0.773981,0.657632
"2026-02-02 01:23:23,267",3470,3470,0.000511,0.000434,0.638062,0.542489,0.774076,0.657645
"2026-02-02 01:23:30,182",3475,3475,0.000511,0.000434,0.638222,0.542559,0.774188,0.657676
"2026-02-02 01:23:37,209",3480,3480,0.00051,0.000434,0.638461,0.542711,0.774371,0.657783
"2026-02-02 01:23:43,899",3485,3485,0.00051,0.000434,0.638395,0.542539,0.774305,0.657625
"2026-02-02 01:23:50,916",3490,3490,0.00051,0.000433,0.638651,0.542704,0.774495,0.657737
"2026-02-02 01:23:57,635",3495,3495,0.00051,0.000433,0.638679,0.542633,0.774524,0.657681
"2026-02-02 01:24:05,022",3500,3500,0.000511,0.000435,0.638678,0.542536,0.774509,0.657585
"2026-02-02 01:24:12,213",3505,3505,0.000511,0.000435,0.638742,0.542506,0.774555,0.657551
"2026-02-02 01:24:19,404",3510,3510,0.000511,0.000435,0.638874,0.542543,0.774645,0.657562
"2026-02-02 01:24:26,675",3515,3515,0.00051,0.000435,0.63896,0.542536,0.774708,0.657546
"2026-02-02 01:24:34,281",3520,3520,0.00051,0.000435,0.639012,0.542497,0.774749,0.65751
"2026-02-02 01:24:41,625",3525,3525,0.000511,0.000435,0.639026,0.542425,0.774728,0.657419
"2026-02-02 01:24:48,612",3530,3530,0.00051,0.000435,0.639152,0.542455,0.774819,0.657432
"2026-02-02 01:24:55,606",3535,3535,0.000511,0.000436,0.63909,0.542319,0.77475,0.657303
"2026-02-02 01:25:02,584",3540,3540,0.00051,0.000436,0.639189,0.542328,0.774833,0.657311
"2026-02-02 01:25:09,871",3545,3545,0.00051,0.000436,0.639326,0.54237,0.774906,0.65731
"2026-02-02 01:25:16,948",3550,3550,0.00051,0.000436,0.639197,0.542184,0.774796,0.657154
"2026-02-02 01:25:23,784",3555,3555,0.00051,0.000436,0.639326,0.54222,0.774901,0.657182
"2026-02-02 01:25:30,511",3560,3560,0.00051,0.000436,0.639347,0.542166,0.774911,0.657131
"2026-02-02 01:25:37,689",3565,3565,0.00051,0.000436,0.639518,0.542235,0.775032,0.657173
"2026-02-02 01:25:44,803",3570,3570,0.000509,0.000435,0.639696,0.54231,0.775148,0.657209
"2026-02-02 01:25:51,826",3575,3575,0.000509,0.000435,0.639802,0.542324,0.77523,0.657218
"2026-02-02 01:25:58,763",3580,3580,0.000509,0.000435,0.639891,0.542326,0.775316,0.65723
"2026-02-02 01:26:05,623",3585,3585,0.000509,0.000435,0.640068,0.542396,0.775472,0.657295
"2026-02-02 01:26:12,477",3590,3590,0.000508,0.000435,0.64016,0.542399,0.775524,0.65728
"2026-02-02 01:26:19,484",3595,3595,0.000508,0.000435,0.640367,0.542489,0.775673,0.657339
"2026-02-02 01:26:26,180",3600,3600,0.000508,0.000435,0.640341,0.542403,0.775673,0.657284
"2026-02-02 01:26:33,115",3605,3605,0.000508,0.000436,0.640329,0.54233,0.775656,0.65722
"2026-02-02 01:26:39,741",3610,3610,0.000508,0.000435,0.640478,0.542377,0.775799,0.657273
"2026-02-02 01:26:46,332",3615,3615,0.000508,0.000435,0.64061,0.542409,0.775897,0.657292
"2026-02-02 01:26:53,072",3620,3620,0.000508,0.000435,0.640609,0.542347,0.77588,0.65723
"2026-02-02 01:26:59,907",3625,3625,0.000508,0.000435,0.640703,0.542353,0.775951,0.657231
"2026-02-02 01:27:06,849",3630,3630,0.000507,0.000435,0.640741,0.54232,0.775991,0.657211
"2026-02-02 01:27:13,711",3635,3635,0.000507,0.000435,0.640851,0.542338,0.776061,0.657212
"2026-02-02 01:27:20,677",3640,3640,0.000507,0.000435,0.640937,0.542339,0.776143,0.657221
"2026-02-02 01:27:27,539",3645,3645,0.000507,0.000435,0.64106,0.542364,0.776235,0.657236
"2026-02-02 01:27:34,626",3650,3650,0.000507,0.000435,0.641261,0.542442,0.776387,0.657292
"2026-02-02 01:27:41,482",3655,3655,0.000507,0.000435,0.641356,0.542448,0.776469,0.657301
"2026-02-02 01:27:48,400",3660,3660,0.000507,0.000435,0.641469,0.542467,0.776563,0.657317
"2026-02-02 01:27:55,391",3665,3665,0.000506,0.000435,0.641603,0.542498,0.776673,0.657343
"2026-02-02 01:28:02,041",3670,3670,0.000506,0.000435,0.641801,0.54257,0.776795,0.657376
"2026-02-02 01:28:08,524",3675,3675,0.000506,0.000435,0.64203,0.54266,0.776955,0.657433
"2026-02-02 01:28:15,123",3680,3680,0.000506,0.000435,0.642137,0.542673,0.777037,0.65744
"2026-02-02 01:28:22,019",3685,3685,0.000505,0.000435,0.642224,0.542672,0.777097,0.657434
"2026-02-02 01:28:28,723",3690,3690,0.000505,0.000435,0.642416,0.542736,0.777264,0.657494
"2026-02-02 01:28:35,708",3695,3695,0.000505,0.000435,0.642438,0.542696,0.777247,0.65744
"2026-02-02 01:28:42,775",3700,3700,0.000505,0.000435,0.642591,0.542736,0.777377,0.657476
"2026-02-02 01:28:49,607",3705,3705,0.000505,0.000435,0.642571,0.542671,0.777362,0.657425
"2026-02-02 01:28:56,576",3710,3710,0.000505,0.000435,0.64261,0.542643,0.777388,0.6574
"2026-02-02 01:29:03,609",3715,3715,0.000505,0.000435,0.642639,0.54261,0.777449,0.657395
"2026-02-02 01:29:10,494",3720,3720,0.000504,0.000435,0.642779,0.542642,0.777558,0.657419
"2026-02-02 01:29:17,536",3725,3725,0.000504,0.000435,0.642906,0.542666,0.777632,0.657422
"2026-02-02 01:29:24,269",3730,3730,0.000504,0.000435,0.642993,0.542667,0.777711,0.657427
"2026-02-02 01:29:30,848",3735,3735,0.000504,0.000435,0.643076,0.542666,0.777794,0.657436
"2026-02-02 01:29:37,571",3740,3740,0.000504,0.000435,0.643173,0.542672,0.777876,0.657444
"2026-02-02 01:29:44,138",3745,3745,0.000504,0.000435,0.643284,0.542687,0.777971,0.657458
"2026-02-02 01:29:51,327",3750,3750,0.000503,0.000435,0.643421,0.542716,0.778066,0.657473
"2026-02-02 01:29:58,293",3755,3755,0.000503,0.000435,0.643506,0.542716,0.778141,0.657477
"2026-02-02 01:30:05,055",3760,3760,0.000504,0.000435,0.643506,0.54267,0.77808,0.657406
"2026-02-02 01:30:11,859",3765,3765,0.000504,0.000435,0.643528,0.542636,0.778097,0.657379
"2026-02-02 01:30:18,840",3770,3770,0.000503,0.000435,0.643713,0.542691,0.778269,0.657436
"2026-02-02 01:30:25,659",3775,3775,0.000503,0.000435,0.643923,0.542758,0.77842,0.657481
"2026-02-02 01:30:32,670",3780,3780,0.000503,0.000435,0.644099,0.542806,0.778555,0.657516
"2026-02-02 01:30:39,794",3785,3785,0.000502,0.000435,0.644152,0.542789,0.778621,0.657515
"2026-02-02 01:30:46,693",3790,3790,0.000502,0.000435,0.644264,0.542804,0.7787,0.657521
"2026-02-02 01:30:53,706",3795,3795,0.000502,0.000435,0.64437,0.542815,0.778804,0.65754
"2026-02-02 01:31:00,792",3800,3800,0.000502,0.000435,0.64447,0.542823,0.778861,0.657534
"2026-02-02 01:31:07,783",3805,3805,0.000502,0.000435,0.644503,0.542797,0.778902,0.657521
"2026-02-02 01:31:14,675",3810,3810,0.000502,0.000435,0.644609,0.542808,0.778987,0.657529
"2026-02-02 01:31:21,869",3815,3815,0.000501,0.000435,0.644746,0.542835,0.77912,0.657563
"2026-02-02 01:31:29,062",3820,3820,0.000501,0.000435,0.644851,0.542845,0.779183,0.657561
"2026-02-02 01:31:35,857",3825,3825,0.000501,0.000435,0.644921,0.542838,0.779209,0.65754
"2026-02-02 01:31:42,938",3830,3830,0.000501,0.000435,0.645034,0.542853,0.779306,0.657555
"2026-02-02 01:31:50,243",3835,3835,0.000501,0.000435,0.645118,0.542853,0.779399,0.657568
"2026-02-02 01:31:57,420",3840,3840,0.0005,0.000435,0.645173,0.542839,0.779467,0.657568
"2026-02-02 01:32:04,394",3845,3845,0.0005,0.000435,0.645364,0.542891,0.779603,0.657602
"2026-02-02 01:32:11,749",3850,3850,0.0005,0.000435,0.645489,0.542911,0.779727,0.657629
"2026-02-02 01:32:19,004",3855,3855,0.000499,0.000434,0.645605,0.542926,0.779832,0.657647
"2026-02-02 01:32:25,907",3860,3860,0.000499,0.000434,0.645681,0.542923,0.779916,0.657655
"2026-02-02 01:32:32,831",3865,3865,0.0005,0.000435,0.645676,0.542882,0.779916,0.657624
"2026-02-02 01:32:40,007",3870,3870,0.0005,0.000435,0.645741,0.542874,0.779943,0.657605
"2026-02-02 01:32:47,230",3875,3875,0.000499,0.000435,0.645882,0.542901,0.780061,0.657629
"2026-02-02 01:32:54,313",3880,3880,0.000499,0.000435,0.64595,0.542894,0.780117,0.657624
"2026-02-02 01:33:01,326",3885,3885,0.000499,0.000435,0.64598,0.542871,0.780132,0.657601
"2026-02-02 01:33:08,500",3890,3890,0.000499,0.000435,0.645982,0.542835,0.780146,0.657578
"2026-02-02 01:33:15,243",3895,3895,0.000499,0.000435,0.646071,0.542838,0.78021,0.657577
"2026-02-02 01:33:22,616",3900,3900,0.000499,0.000435,0.646196,0.542858,0.780318,0.657597
"2026-02-02 01:33:29,575",3905,3905,0.000498,0.000434,0.646375,0.542902,0.780455,0.657629
"2026-02-02 01:33:36,100",3910,3910,0.000498,0.000434,0.646481,0.542913,0.78054,0.657638
"2026-02-02 01:33:42,971",3915,3915,0.000498,0.000434,0.646487,0.54288,0.780538,0.657608
"2026-02-02 01:33:50,006",3920,3920,0.000498,0.000435,0.646514,0.542857,0.780573,0.657595
"2026-02-02 01:33:56,832",3925,3925,0.000498,0.000435,0.646616,0.542866,0.780658,0.657604
"2026-02-02 01:34:03,562",3930,3930,0.000498,0.000435,0.646536,0.542797,0.78061,0.657555
"2026-02-02 01:34:10,806",3935,3935,0.000497,0.000435,0.646567,0.542777,0.780656,0.657548
"2026-02-02 01:34:18,005",3940,3940,0.000497,0.000434,0.646651,0.54278,0.780729,0.657552
"2026-02-02 01:34:24,676",3945,3945,0.000497,0.000434,0.646778,0.542801,0.780818,0.657563
"2026-02-02 01:34:32,260",3950,3950,0.000497,0.000434,0.646814,0.542783,0.78085,0.65755
"2026-02-02 01:34:39,287",3955,3955,0.000497,0.000434,0.646893,0.542784,0.780904,0.657547
"2026-02-02 01:34:46,151",3960,3960,0.000496,0.000434,0.647018,0.542803,0.781019,0.657569
"2026-02-02 01:34:53,264",3965,3965,0.000496,0.000434,0.647205,0.542849,0.781165,0.657603
"2026-02-02 01:35:00,269",3970,3970,0.000496,0.000434,0.647366,0.542883,0.781284,0.657626
"2026-02-02 01:35:06,663",3975,3975,0.000496,0.000434,0.647458,0.542889,0.781372,0.657636
"2026-02-02 01:35:13,573",3980,3980,0.000495,0.000434,0.647599,0.542914,0.781498,0.657662
"2026-02-02 01:35:20,934",3985,3985,0.000495,0.000434,0.647633,0.542897,0.781538,0.657653
"2026-02-02 01:35:27,707",3990,3990,0.000495,0.000434,0.64783,0.542944,0.781686,0.657687
"2026-02-02 01:35:34,566",3995,3995,0.000494,0.000434,0.647895,0.542939,0.781747,0.657686
"2026-02-02 01:35:41,336",4000,4000,0.000494,0.000434,0.647915,0.542916,0.781774,0.657671
"2026-02-02 01:35:48,196",4005,4005,0.000494,0.000434,0.64801,0.542923,0.781838,0.657672
"2026-02-02 01:35:55,121",4010,4010,0.000494,0.000434,0.648234,0.542981,0.781988,0.657707
"2026-02-02 01:36:01,952",4015,4015,0.000494,0.000434,0.64833,0.542988,0.782074,0.657716
"2026-02-02 01:36:08,657",4020,4020,0.000494,0.000434,0.648328,0.542957,0.782055,0.657684
"2026-02-02 01:36:15,181",4025,4025,0.000494,0.000434,0.648438,0.54297,0.782158,0.6577
"2026-02-02 01:36:22,150",4030,4030,0.000494,0.000434,0.648508,0.542967,0.782219,0.657699
"2026-02-02 01:36:29,112",4035,4035,0.000493,0.000434,0.648616,0.542979,0.782309,0.65771
"2026-02-02 01:36:35,902",4040,4040,0.000493,0.000434,0.648622,0.542952,0.78233,0.657694
"2026-02-02 01:36:42,633",4045,4045,0.000493,0.000434,0.648603,0.542916,0.782332,0.657671
"2026-02-02 01:36:49,668",4050,4050,0.000493,0.000434,0.648819,0.542969,0.782505,0.657713
"2026-02-02 01:36:56,832",4055,4055,0.000493,0.000434,0.648868,0.542959,0.782506,0.657691
"2026-02-02 01:37:03,912",4060,4060,0.000493,0.000434,0.649032,0.542992,0.782635,0.657716
"2026-02-02 01:37:11,136",4065,4065,0.000493,0.000434,0.649223,0.543035,0.782779,0.657747
"2026-02-02 01:37:17,991",4070,4070,0.000493,0.000434,0.649267,0.543023,0.782823,0.65774
"2026-02-02 01:37:24,781",4075,4075,0.000492,0.000434,0.649423,0.543052,0.78294,0.657761
"2026-02-02 01:37:31,971",4080,4080,0.000492,0.000434,0.649506,0.543055,0.783004,0.657762
"2026-02-02 01:37:39,031",4085,4085,0.000492,0.000434,0.649628,0.543072,0.783091,0.657771
"2026-02-02 01:37:46,193",4090,4090,0.000492,0.000434,0.649694,0.543068,0.783152,0.657771
"2026-02-02 01:37:53,500",4095,4095,0.000492,0.000434,0.649709,0.543046,0.78314,0.657745
"2026-02-02 01:38:00,677",4100,4100,0.000492,0.000434,0.649756,0.543035,0.783173,0.657735
"2026-02-02 01:38:07,676",4105,4105,0.000492,0.000434,0.649824,0.543033,0.783226,0.657732
"2026-02-02 01:38:14,710",4110,4110,0.000492,0.000434,0.64985,0.543015,0.783247,0.657718
"2026-02-02 01:38:21,709",4115,4115,0.000492,0.000434,0.649785,0.542966,0.783174,0.65767
"2026-02-02 01:38:28,826",4120,4120,0.000492,0.000434,0.649809,0.542948,0.783191,0.657655
"2026-02-02 01:38:36,146",4125,4125,0.000492,0.000434,0.649974,0.54298,0.783317,0.657679
"2026-02-02 01:38:43,456",4130,4130,0.000492,0.000434,0.650065,0.542986,0.783408,0.65769
"2026-02-02 01:38:50,511",4135,4135,0.000492,0.000434,0.650091,0.54297,0.78347,0.657691
"2026-02-02 01:38:57,492",4140,4140,0.000491,0.000434,0.650175,0.542973,0.783548,0.657698
"2026-02-02 01:39:04,622",4145,4145,0.000491,0.000434,0.650232,0.542968,0.783604,0.657697
"2026-02-02 01:39:11,761",4150,4150,0.000491,0.000434,0.650271,0.542956,0.783627,0.657684
"2026-02-02 01:39:18,959",4155,4155,0.000491,0.000434,0.650323,0.542949,0.783658,0.657675
"2026-02-02 01:39:26,067",4160,4160,0.000491,0.000434,0.65047,0.542975,0.783779,0.657696
"2026-02-02 01:39:33,193",4165,4165,0.000491,0.000434,0.650635,0.543007,0.783882,0.657712
"2026-02-02 01:39:39,928",4170,4170,0.000491,0.000434,0.650758,0.543024,0.783977,0.657724
"2026-02-02 01:39:46,773",4175,4175,0.00049,0.000434,0.650806,0.543016,0.784008,0.657715
"2026-02-02 01:39:53,784",4180,4180,0.000491,0.000434,0.650805,0.542991,0.783979,0.657685
"2026-02-02 01:40:01,048",4185,4185,0.000491,0.000434,0.650775,0.542957,0.783925,0.657648
"2026-02-02 01:40:07,855",4190,4190,0.000491,0.000434,0.6508,0.542941,0.783963,0.657641
"2026-02-02 01:40:15,153",4195,4195,0.000491,0.000434,0.650852,0.542935,0.784009,0.657638
"2026-02-02 01:40:22,214",4200,4200,0.00049,0.000434,0.650894,0.542925,0.784047,0.657632
"2026-02-02 01:40:29,254",4205,4205,0.000491,0.000434,0.650833,0.542882,0.783992,0.657595
"2026-02-02 01:40:36,493",4210,4210,0.00049,0.000434,0.650958,0.5429,0.784103,0.657613
"2026-02-02 01:40:43,378",4215,4215,0.00049,0.000434,0.650951,0.542875,0.784125,0.657602
"2026-02-02 01:40:50,395",4220,4220,0.00049,0.000434,0.651009,0.542871,0.784174,0.6576
"2026-02-02 01:40:57,580",4225,4225,0.00049,0.000434,0.650995,0.542844,0.78415,0.657574
"2026-02-02 01:41:04,286",4230,4230,0.00049,0.000434,0.651013,0.542828,0.78417,0.657562
"2026-02-02 01:41:10,952",4235,4235,0.00049,0.000434,0.651204,0.542868,0.784293,0.657584
"2026-02-02 01:41:17,893",4240,4240,0.000489,0.000434,0.651314,0.542881,0.784391,0.657598
"2026-02-02 01:41:24,930",4245,4245,0.000489,0.000434,0.651391,0.542884,0.784455,0.657601
"2026-02-02 01:41:32,080",4250,4250,0.000489,0.000434,0.6515,0.542897,0.784536,0.65761
"2026-02-02 01:41:39,003",4255,4255,0.000489,0.000434,0.65153,0.542885,0.784561,0.6576
"2026-02-02 01:41:45,567",4260,4260,0.000488,0.000434,0.651705,0.542918,0.784705,0.657628
"2026-02-02 01:41:52,547",4265,4265,0.000489,0.000434,0.651712,0.542899,0.78469,0.657606
"2026-02-02 01:41:59,559",4270,4270,0.000488,0.000434,0.65177,0.542896,0.784741,0.657605
"2026-02-02 01:42:06,673",4275,4275,0.000488,0.000434,0.651806,0.542886,0.784751,0.657591
"2026-02-02 01:42:13,655",4280,4280,0.000488,0.000434,0.651931,0.542904,0.78487,0.657612
"2026-02-02 01:42:20,837",4285,4285,0.000488,0.000434,0.651948,0.542888,0.784865,0.657593
"2026-02-02 01:42:27,902",4290,4290,0.000488,0.000434,0.652006,0.542885,0.784916,0.657592
"2026-02-02 01:42:35,199",4295,4295,0.000488,0.000468,0.651982,0.591072,0.784895,0.718496
"2026-02-02 01:42:42,125",4300,4300,0.000488,0.000457,0.652038,0.594868,0.784986,0.722154
"2026-02-02 01:42:48,834",4305,4305,0.000488,0.000456,0.652083,0.595326,0.785066,0.722589
"2026-02-02 01:42:55,947",4310,4310,0.000487,0.000456,0.652071,0.594431,0.785111,0.72212
"2026-02-02 01:43:03,131",4315,4315,0.000487,0.000455,0.652122,0.594884,0.785201,0.722528
"2026-02-02 01:43:10,133",4320,4320,0.000487,0.000454,0.652173,0.59516,0.785295,0.722837
"2026-02-02 01:43:17,233",4325,4325,0.000486,0.000453,0.652246,0.595585,0.7854,0.723168
"2026-02-02 01:43:24,598",4330,4330,0.000486,0.000453,0.65235,0.596167,0.785526,0.723591
"2026-02-02 01:43:31,405",4335,4335,0.000486,0.000453,0.652347,0.595778,0.785563,0.723231
"2026-02-02 01:43:38,500",4340,4340,0.000485,0.000453,0.652436,0.596114,0.78567,0.723431
"2026-02-02 01:43:45,354",4345,4345,0.000485,0.000453,0.652524,0.596385,0.785782,0.723624
"2026-02-02 01:43:52,245",4350,4350,0.000485,0.000452,0.652597,0.59652,0.785886,0.723744
"2026-02-02 01:43:59,156",4355,4355,0.000485,0.000452,0.652648,0.596516,0.785972,0.72375
"2026-02-02 01:44:06,474",4360,4360,0.000484,0.000452,0.652678,0.596412,0.786056,0.723742
"2026-02-02 01:44:13,567",4365,4365,0.000484,0.000452,0.652675,0.59617,0.786094,0.723527
"2026-02-02 01:44:20,420",4370,4370,0.000484,0.000452,0.65271,0.596122,0.786169,0.723495
"2026-02-02 01:44:27,341",4375,4375,0.000483,0.000453,0.652738,0.59605,0.786238,0.72345
"2026-02-02 01:44:34,647",4380,4380,0.000483,0.000453,0.652772,0.596012,0.786296,0.723366
"2026-02-02 01:44:42,137",4385,4385,0.000483,0.000453,0.652876,0.596233,0.786414,0.723507
"2026-02-02 01:44:49,376",4390,4390,0.000483,0.000453,0.652955,0.596345,0.786527,0.72362
"2026-02-02 01:44:56,201",4395,4395,0.000482,0.000453,0.65302,0.596404,0.786627,0.72368
"2026-02-02 01:45:03,443",4400,4400,0.000482,0.000454,0.653009,0.596213,0.786656,0.72351
"2026-02-02 01:45:10,677",4405,4405,0.000482,0.000453,0.653082,0.596297,0.786754,0.723566
"2026-02-02 01:45:17,768",4410,4410,0.000482,0.000453,0.653123,0.59628,0.786843,0.72359
"2026-02-02 01:45:24,399",4415,4415,0.000482,0.000453,0.653164,0.596264,0.786915,0.723565
"2026-02-02 01:45:31,606",4420,4420,0.000481,0.000453,0.653175,0.59617,0.786963,0.723479
"2026-02-02 01:45:38,445",4425,4425,0.000481,0.000453,0.653229,0.596194,0.787052,0.723505
"2026-02-02 01:45:44,940",4430,4430,0.000481,0.000453,0.653264,0.596168,0.787126,0.723494
"2026-02-02 01:45:51,781",4435,4435,0.00048,0.000453,0.653287,0.596116,0.787188,0.723454
"2026-02-02 01:45:58,813",4440,4440,0.00048,0.000454,0.653293,0.596027,0.787225,0.723359
"2026-02-02 01:46:05,892",4445,4445,0.00048,0.000453,0.653338,0.596035,0.787316,0.723391
"2026-02-02 01:46:12,705",4450,4450,0.00048,0.000453,0.65343,0.596143,0.787424,0.723459
"2026-02-02 01:46:19,580",4455,4455,0.000479,0.000453,0.653506,0.596209,0.787524,0.723506
"2026-02-02 01:46:26,358",4460,4460,0.000479,0.000453,0.653513,0.596134,0.787573,0.723447
"2026-02-02 01:46:33,232",4465,4465,0.000479,0.000454,0.653575,0.59617,0.787665,0.723478
"2026-02-02 01:46:40,322",4470,4470,0.000479,0.000453,0.653695,0.596318,0.787802,0.723592
"2026-02-02 01:46:47,596",4475,4475,0.000478,0.000453,0.653769,0.59637,0.787899,0.723628
"2026-02-02 01:46:54,621",4480,4480,0.000478,0.000453,0.653799,0.596339,0.787963,0.7236
"2026-02-02 01:47:01,624",4485,4485,0.000478,0.000453,0.65388,0.596401,0.788072,0.723655
"2026-02-02 01:47:08,742",4490,4490,0.000478,0.000453,0.653933,0.596414,0.788151,0.723655
"2026-02-02 01:47:15,826",4495,4495,0.000477,0.000453,0.654044,0.596523,0.788282,0.723744
"2026-02-02 01:47:22,818",4500,4500,0.000477,0.000453,0.654093,0.596524,0.78836,0.723741
"2026-02-02 01:47:29,537",4505,4505,0.000477,0.000453,0.654158,0.596551,0.78846,0.723775
"2026-02-02 01:47:36,834",4510,4510,0.000476,0.000453,0.654219,0.596572,0.788562,0.723809
"2026-02-02 01:47:43,716",4515,4515,0.000476,0.000453,0.654309,0.596636,0.788674,0.723859
"2026-02-02 01:47:50,226",4520,4520,0.000476,0.000453,0.654387,0.596681,0.78876,0.723868
"2026-02-02 01:47:57,420",4525,4525,0.000476,0.000453,0.654451,0.596701,0.788862,0.723899
"2026-02-02 01:48:04,427",4530,4530,0.000475,0.000453,0.654522,0.596732,0.788959,0.723923
"2026-02-02 01:48:11,502",4535,4535,0.000475,0.000453,0.654491,0.596615,0.788969,0.72382
"2026-02-02 01:48:18,213",4540,4540,0.000475,0.000453,0.654545,0.596623,0.789054,0.723829
"2026-02-02 01:48:25,248",4545,4545,0.000475,0.000453,0.654558,0.596573,0.789117,0.723805
"2026-02-02 01:48:32,349",4550,4550,0.000474,0.000453,0.654607,0.596574,0.789192,0.7238
"2026-02-02 01:48:39,295",4555,4555,0.000474,0.000453,0.654597,0.596497,0.789217,0.723729
"2026-02-02 01:48:45,963",4560,4560,0.000474,0.000453,0.654638,0.596491,0.789284,0.723715
"2026-02-02 01:48:53,051",4565,4565,0.000474,0.000453,0.654628,0.596418,0.789319,0.72366
"2026-02-02 01:48:59,883",4570,4570,0.000473,0.000453,0.654675,0.596419,0.78938,0.72364
"2026-02-02 01:49:06,627",4575,4575,0.000473,0.000453,0.654815,0.596538,0.789522,0.723723
"2026-02-02 01:49:13,902",4580,4580,0.000473,0.000453,0.654951,0.596647,0.789662,0.723801
"2026-02-02 01:49:21,043",4585,4585,0.000472,0.000453,0.655006,0.596655,0.789752,0.723815
"2026-02-02 01:49:27,795",4590,4590,0.000472,0.000453,0.655024,0.59662,0.789807,0.723789
"2026-02-02 01:49:34,960",4595,4595,0.000472,0.000453,0.65514,0.5967,0.789923,0.723834
"2026-02-02 01:49:41,719",4600,4600,0.000472,0.000453,0.655166,0.596674,0.789956,0.723783
"2026-02-02 01:49:48,676",4605,4605,0.000472,0.000453,0.655224,0.596686,0.790046,0.723797
"2026-02-02 01:49:55,377",4610,4610,0.000471,0.000453,0.655322,0.596741,0.790162,0.723841
"2026-02-02 01:50:02,522",4615,4615,0.000471,0.000453,0.655398,0.59677,0.790257,0.723861
"2026-02-02 01:50:09,471",4620,4620,0.000471,0.000453,0.655477,0.596804,0.790347,0.723874
"2026-02-02 01:50:16,363",4625,4625,0.000471,0.000453,0.655475,0.596749,0.790361,0.723807
"2026-02-02 01:50:23,233",4630,4630,0.000471,0.000453,0.655502,0.596726,0.79042,0.723789
"2026-02-02 01:50:30,260",4635,4635,0.000471,0.000454,0.655473,0.596646,0.790435,0.723725
"2026-02-02 01:50:37,493",4640,4640,0.00047,0.000453,0.655534,0.59666,0.790522,0.723738
"2026-02-02 01:50:44,621",4645,4645,0.00047,0.000453,0.655606,0.596685,0.790614,0.723755
"2026-02-02 01:50:51,610",4650,4650,0.00047,0.000453,0.655639,0.596671,0.790684,0.72375
"2026-02-02 01:50:58,666",4655,4655,0.00047,0.000453,0.655654,0.596639,0.790742,0.723733
"2026-02-02 01:51:05,959",4660,4660,0.000469,0.000453,0.655693,0.596632,0.790821,0.723738
"2026-02-02 01:51:12,911",4665,4665,0.000469,0.000453,0.655769,0.59666,0.790928,0.72377
"2026-02-02 01:51:20,167",4670,4670,0.000469,0.000453,0.655809,0.596654,0.791005,0.723772
"2026-02-02 01:51:27,250",4675,4675,0.000468,0.000453,0.655824,0.596625,0.791064,0.723758
"2026-02-02 01:51:33,983",4680,4680,0.000468,0.000453,0.655881,0.596636,0.791147,0.723766
"2026-02-02 01:51:41,352",4685,4685,0.000468,0.000453,0.655896,0.596607,0.791194,0.723742
"2026-02-02 01:51:48,537",4690,4690,0.000468,0.000454,0.655839,0.596514,0.791176,0.723658
"2026-02-02 01:51:55,224",4695,4695,0.000468,0.000454,0.655856,0.596489,0.79123,0.723642
"2026-02-02 01:52:02,494",4700,4700,0.000468,0.000454,0.655869,0.596462,0.791274,0.723617
"2026-02-02 01:52:09,601",4705,4705,0.000467,0.000454,0.655918,0.596467,0.791362,0.723631
"2026-02-02 01:52:16,654",4710,4710,0.000467,0.000454,0.655959,0.596465,0.791422,0.723622
"2026-02-02 01:52:23,342",4715,4715,0.000467,0.000454,0.655995,0.596459,0.791489,0.723618
"2026-02-02 01:52:29,992",4720,4720,0.000467,0.000454,0.655995,0.596422,0.791532,0.723594
"2026-02-02 01:52:37,052",4725,4725,0.000466,0.000454,0.656032,0.596417,0.7916,0.723592
"2026-02-02 01:52:44,101",4730,4730,0.000466,0.000454,0.65609,0.59643,0.791689,0.723608
"2026-02-02 01:52:51,070",4735,4735,0.000466,0.000454,0.656088,0.596394,0.791732,0.723585
"2026-02-02 01:52:58,351",4740,4740,0.000466,0.000454,0.656144,0.596405,0.791812,0.723593
"2026-02-02 01:53:05,485",4745,4745,0.000465,0.000454,0.656153,0.596379,0.791867,0.723581
"2026-02-02 01:53:12,553",4750,4750,0.000465,0.000454,0.656278,0.596446,0.791995,0.723628
"2026-02-02 01:53:19,723",4755,4755,0.000465,0.000454,0.656261,0.596399,0.79202,0.723592
"2026-02-02 01:53:26,890",4760,4760,0.000465,0.000454,0.656196,0.596316,0.792021,0.723538
"2026-02-02 01:53:34,053",4765,4765,0.000465,0.000454,0.656283,0.596352,0.792125,0.723566
"2026-02-02 01:53:40,868",4770,4770,0.000464,0.000454,0.656219,0.596271,0.792099,0.723493
"2026-02-02 01:53:47,858",4775,4775,0.000464,0.000454,0.65617,0.596203,0.792088,0.723432
"2026-02-02 01:53:55,015",4780,4780,0.000464,0.000454,0.656244,0.59623,0.792179,0.72345
"2026-02-02 01:54:02,135",4785,4785,0.000464,0.000454,0.656324,0.596261,0.792275,0.723472
"2026-02-02 01:54:09,047",4790,4790,0.000464,0.000454,0.656328,0.596234,0.792309,0.723448
"2026-02-02 01:54:16,262",4795,4795,0.000464,0.000454,0.656393,0.596253,0.792394,0.723461
"2026-02-02 01:54:23,099",4800,4800,0.000463,0.000454,0.656459,0.596273,0.792488,0.723481
"2026-02-02 01:54:30,249",4805,4805,0.000463,0.000454,0.656413,0.596211,0.792475,0.723424
"2026-02-02 01:54:37,095",4810,4810,0.000463,0.000454,0.656446,0.596208,0.792517,0.723406
"2026-02-02 01:54:44,067",4815,4815,0.000463,0.000454,0.656491,0.596213,0.792578,0.723403
"2026-02-02 01:54:51,148",4820,4820,0.000463,0.000454,0.656493,0.596187,0.792617,0.723384
"2026-02-02 01:54:58,131",4825,4825,0.000463,0.000454,0.65659,0.596228,0.792717,0.723408
"2026-02-02 01:55:04,886",4830,4830,0.000462,0.000454,0.656685,0.596267,0.792831,0.723442
"2026-02-02 01:55:12,243",4835,4835,0.000462,0.000454,0.656702,0.596252,0.792877,0.723429
"2026-02-02 01:55:19,113",4840,4840,0.000462,0.000454,0.656744,0.596255,0.792949,0.723433
"2026-02-02 01:55:25,863",4845,4845,0.000462,0.000454,0.656802,0.596268,0.793028,0.723443
"2026-02-02 01:55:32,912",4850,4850,0.000461,0.000454,0.656899,0.596307,0.793131,0.723468
"2026-02-02 01:55:40,186",4855,4855,0.000461,0.000454,0.656911,0.596289,0.793176,0.723454
"2026-02-02 01:55:47,233",4860,4860,0.000461,0.000454,0.656943,0.596285,0.79324,0.723454
"2026-02-02 01:55:54,334",4865,4865,0.000461,0.000454,0.65703,0.596316,0.79334,0.723477
"2026-02-02 01:56:01,285",4870,4870,0.00046,0.000454,0.657088,0.596329,0.793425,0.723489
"2026-02-02 01:56:08,435",4875,4875,0.00046,0.000454,0.657104,0.596314,0.793483,0.723485
"2026-02-02 01:56:15,508",4880,4880,0.00046,0.000454,0.657148,0.596318,0.793553,0.723488
"2026-02-02 01:56:22,473",4885,4885,0.00046,0.000454,0.65722,0.596339,0.793636,0.7235
"2026-02-02 01:56:29,532",4890,4890,0.000459,0.000454,0.657284,0.596355,0.793727,0.723516
"2026-02-02 01:56:36,416",4895,4895,0.000459,0.000454,0.65733,0.59636,0.793811,0.723528
"2026-02-02 01:56:43,746",4900,4900,0.000459,0.000454,0.657347,0.596346,0.79385,0.723512
"2026-02-02 01:56:50,808",4905,4905,0.000459,0.000454,0.657331,0.596313,0.793873,0.723487
"2026-02-02 01:56:58,117",4910,4910,0.000458,0.000454,0.657379,0.596318,0.793938,0.723487
"2026-02-02 01:57:05,132",4915,4915,0.000458,0.000454,0.657431,0.596327,0.794022,0.7235
"2026-02-02 01:57:12,508",4920,4920,0.000458,0.000454,0.657446,0.596313,0.794072,0.723491
"2026-02-02 01:57:19,277",4925,4925,0.000458,0.000454,0.657526,0.596338,0.794166,0.723509
"2026-02-02 01:57:26,420",4930,4930,0.000457,0.000454,0.657609,0.596365,0.794268,0.723532
"2026-02-02 01:57:33,388",4935,4935,0.000457,0.000454,0.657669,0.596378,0.794348,0.723541
"2026-02-02 01:57:40,677",4940,4940,0.000457,0.000454,0.657783,0.596422,0.794469,0.723575
"2026-02-02 01:57:47,823",4945,4945,0.000457,0.000454,0.657828,0.596426,0.79453,0.723573
"2026-02-02 01:57:54,505",4950,4950,0.000456,0.000454,0.657806,0.596391,0.794551,0.723548
"2026-02-02 01:58:01,485",4955,4955,0.000456,0.000454,0.657857,0.596398,0.794626,0.723554
"2026-02-02 01:58:08,196",4960,4960,0.000456,0.000454,0.657935,0.596421,0.794715,0.723569
"2026-02-02 01:58:14,721",4965,4965,0.000456,0.000454,0.65795,0.596408,0.794759,0.723558
"2026-02-02 01:58:21,741",4970,4970,0.000456,0.000454,0.65799,0.596409,0.794823,0.723558
"2026-02-02 01:58:28,684",4975,4975,0.000455,0.000454,0.657975,0.596379,0.794836,0.72353
"2026-02-02 01:58:36,004",4980,4980,0.000455,0.000454,0.658053,0.596401,0.794933,0.723549
"2026-02-02 01:58:42,858",4985,4985,0.000455,0.000454,0.658052,0.59638,0.794974,0.723537
"2026-02-02 01:58:49,863",4990,4990,0.000455,0.000454,0.658083,0.596376,0.795033,0.723535
"2026-02-02 01:58:56,957",4995,4995,0.000455,0.000454,0.658131,0.596381,0.795109,0.723542
"2026-02-02 01:59:03,939",5000,5000,0.000454,0.000454,0.658119,0.596355,0.795134,0.723522
"2026-02-02 01:59:11,040",5005,5005,0.000454,0.000454,0.658183,0.596369,0.795226,0.723538
"2026-02-02 01:59:17,861",5010,5010,0.000454,0.000454,0.6582,0.596358,0.795281,0.723535
"2026-02-02 01:59:25,425",5015,5015,0.000454,0.000454,0.658278,0.59638,0.795372,0.72355
"2026-02-02 01:59:32,505",5020,5020,0.000453,0.000453,0.658357,0.596403,0.795454,0.72356
"2026-02-02 01:59:39,727",5025,5025,0.000453,0.000453,0.658416,0.596414,0.795531,0.723568
"2026-02-02 01:59:46,453",5030,5030,0.000453,0.000454,0.658363,0.596366,0.79552,0.72353
"2026-02-02 01:59:53,451",5035,5035,0.000453,0.000454,0.658394,0.596363,0.795579,0.723529
"2026-02-02 02:00:00,842",5040,5040,0.000453,0.000454,0.658399,0.596347,0.795601,0.723508
"2026-02-02 02:00:08,031",5045,5045,0.000453,0.000454,0.658399,0.596328,0.795634,0.723494
"2026-02-02 02:00:15,153",5050,5050,0.000452,0.000454,0.65839,0.596305,0.795666,0.723479
"2026-02-02 02:00:22,530",5055,5055,0.000452,0.000454,0.658441,0.596313,0.795742,0.723487
"2026-02-02 02:00:29,950",5060,5060,0.000452,0.000454,0.658513,0.596331,0.795819,0.723496
"2026-02-02 02:00:37,397",5065,5065,0.000452,0.000454,0.658574,0.596343,0.795895,0.723504
"2026-02-02 02:00:44,694",5070,5070,0.000452,0.000454,0.658597,0.596337,0.795941,0.723497
"2026-02-02 02:00:51,870",5075,5075,0.000451,0.000454,0.658672,0.596357,0.796035,0.723513
"2026-02-02 02:00:59,159",5080,5080,0.000451,0.000454,0.658708,0.596356,0.796088,0.72351
"2026-02-02 02:01:06,101",5085,5085,0.000451,0.000454,0.658728,0.596349,0.796132,0.723502
"2026-02-02 02:01:13,150",5090,5090,0.000451,0.000454,0.658715,0.596325,0.79616,0.723486
"2026-02-02 02:01:19,761",5095,5095,0.000451,0.000454,0.658764,0.596332,0.796228,0.72349
"2026-02-02 02:01:26,788",5100,5100,0.00045,0.000454,0.658789,0.596326,0.796282,0.723488
"2026-02-02 02:01:33,712",5105,5105,0.00045,0.000454,0.658799,0.596314,0.796323,0.723479
"2026-02-02 02:01:40,618",5110,5110,0.00045,0.000454,0.658854,0.596324,0.7964,0.723488
"2026-02-02 02:01:47,424",5115,5115,0.00045,0.000454,0.658856,0.596308,0.796431,0.723474
"2026-02-02 02:01:53,966",5120,5120,0.00045,0.000454,0.658883,0.596304,0.796482,0.72347
"2026-02-02 02:02:00,629",5125,5125,0.00045,0.000454,0.658854,0.596273,0.796485,0.723444
"2026-02-02 02:02:07,198",5130,5130,0.000449,0.000454,0.65891,0.596284,0.796567,0.723455
"2026-02-02 02:02:13,887",5135,5135,0.000449,0.000454,0.658969,0.596295,0.796656,0.72347
"2026-02-02 02:02:21,139",5140,5140,0.000449,0.000454,0.65897,0.59628,0.79669,0.723458
"2026-02-02 02:02:28,353",5145,5145,0.000449,0.000454,0.658991,0.596273,0.796742,0.723455
"2026-02-02 02:02:35,010",5150,5150,0.000449,0.000454,0.659064,0.596292,0.796826,0.723467
"2026-02-02 02:02:41,924",5155,5155,0.000449,0.000454,0.659086,0.596286,0.796872,0.723462
"2026-02-02 02:02:48,571",5160,5160,0.000448,0.000454,0.659107,0.596279,0.796921,0.723458
"2026-02-02 02:02:55,580",5165,5165,0.000448,0.000454,0.659133,0.596276,0.796976,0.723457
"2026-02-02 02:03:03,261",5170,5170,0.000448,0.000454,0.659178,0.596281,0.797052,0.723465
"2026-02-02 02:03:10,255",5175,5175,0.000448,0.000454,0.659185,0.596269,0.797094,0.723458
"2026-02-02 02:03:17,277",5180,5180,0.000448,0.000454,0.659162,0.596243,0.797089,0.72343
"2026-02-02 02:03:24,332",5185,5185,0.000448,0.000454,0.659192,0.596242,0.797136,0.723426
"2026-02-02 02:03:31,240",5190,5190,0.000447,0.000454,0.659248,0.596252,0.797223,0.723439
"2026-02-02 02:03:38,103",5195,5195,0.000447,0.000454,0.659294,0.596257,0.797292,0.723444
"2026-02-02 02:03:45,266",5200,5200,0.000447,0.000454,0.659289,0.59624,0.797322,0.723433
"2026-02-02 02:03:52,254",5205,5205,0.000447,0.000454,0.659314,0.596237,0.79738,0.723433
"2026-02-02 02:03:59,047",5210,5210,0.000447,0.000454,0.659321,0.596226,0.797403,0.723419
"2026-02-02 02:04:06,066",5215,5215,0.000446,0.000454,0.659337,0.596218,0.797453,0.723416
"2026-02-02 02:04:13,142",5220,5220,0.000446,0.000454,0.659418,0.596239,0.797539,0.723429
"2026-02-02 02:04:20,102",5225,5225,0.000446,0.000454,0.659403,0.596219,0.797561,0.723415
"2026-02-02 02:04:26,965",5230,5230,0.000446,0.000562,0.659395,0.62345,0.797581,0.760463
"2026-02-02 02:04:33,752",5235,5235,0.000446,0.000502,0.659353,0.641783,0.797533,0.779037
"2026-02-02 02:04:40,942",5240,5240,0.000446,0.000502,0.659265,0.640836,0.797459,0.778929
"2026-02-02 02:04:47,806",5245,5245,0.000446,0.000496,0.659241,0.642194,0.797439,0.780272
"2026-02-02 02:04:54,499",5250,5250,0.000446,0.000499,0.659189,0.642318,0.797391,0.78042
"2026-02-02 02:05:01,508",5255,5255,0.000447,0.000501,0.659128,0.642256,0.797327,0.780256
"2026-02-02 02:05:08,436",5260,5260,0.000447,0.000501,0.659071,0.642257,0.79727,0.780241
"2026-02-02 02:05:15,483",5265,5265,0.000447,0.000499,0.65906,0.642785,0.797261,0.780769
"2026-02-02 02:05:22,597",5270,5270,0.000447,0.000497,0.659007,0.64277,0.797225,0.780902
"2026-02-02 02:05:29,495",5275,5275,0.000447,0.000496,0.658958,0.642788,0.797179,0.780912
"2026-02-02 02:05:36,681",5280,5280,0.000447,0.000496,0.658947,0.643104,0.797145,0.78102
"2026-02-02 02:05:43,714",5285,5285,0.000447,0.000496,0.658866,0.642853,0.79709,0.780953
"2026-02-02 02:05:50,456",5290,5290,0.000447,0.000495,0.658868,0.643199,0.797085,0.781228
"2026-02-02 02:05:57,553",5295,5295,0.000447,0.000497,0.658776,0.642914,0.796986,0.780879
"2026-02-02 02:06:04,410",5300,5300,0.000447,0.000495,0.658759,0.643097,0.796979,0.78111
"2026-02-02 02:06:11,308",5305,5305,0.000447,0.000496,0.65865,0.642759,0.79689,0.780868
"2026-02-02 02:06:18,273",5310,5310,0.000447,0.000495,0.658594,0.642727,0.796841,0.78086
"2026-02-02 02:06:24,856",5315,5315,0.000447,0.000494,0.65857,0.642858,0.796831,0.781038
"2026-02-02 02:06:31,547",5320,5320,0.000448,0.000497,0.658533,0.642911,0.796787,0.781043
"2026-02-02 02:06:38,520",5325,5325,0.000448,0.000498,0.658432,0.642686,0.796689,0.780811
"2026-02-02 02:06:45,419",5330,5330,0.000448,0.000497,0.658396,0.642747,0.796664,0.780903
"2026-02-02 02:06:52,527",5335,5335,0.000449,0.000499,0.65833,0.642684,0.79659,0.780797
"2026-02-02 02:06:59,331",5340,5340,0.000449,0.000499,0.658208,0.64242,0.796464,0.780503
"2026-02-02 02:07:06,002",5345,5345,0.000449,0.000499,0.658122,0.642307,0.796382,0.780392
"2026-02-02 02:07:12,567",5350,5350,0.000449,0.000498,0.658135,0.642538,0.796395,0.780616
"2026-02-02 02:07:19,331",5355,5355,0.000449,0.000497,0.658124,0.642674,0.796383,0.780737
"2026-02-02 02:07:26,233",5360,5360,0.000449,0.000498,0.657993,0.642418,0.796268,0.780525
"2026-02-02 02:07:33,024",5365,5365,0.000449,0.000498,0.657898,0.642293,0.796187,0.780429
"2026-02-02 02:07:40,219",5370,5370,0.000449,0.000498,0.657863,0.642349,0.796142,0.780449
"2026-02-02 02:07:47,388",5375,5375,0.000449,0.000498,0.657798,0.64232,0.796092,0.780452
"2026-02-02 02:07:54,333",5380,5380,0.00045,0.000499,0.657691,0.642173,0.795987,0.780302
"2026-02-02 02:08:01,513",5385,5385,0.00045,0.000499,0.657615,0.64212,0.795917,0.780254
"2026-02-02 02:08:08,655",5390,5390,0.00045,0.000499,0.65756,0.642123,0.795861,0.780247
"2026-02-02 02:08:15,571",5395,5395,0.00045,0.000499,0.65749,0.64209,0.795788,0.780197
"2026-02-02 02:08:22,585",5400,5400,0.00045,0.000499,0.657378,0.641954,0.7957,0.780112
"2026-02-02 02:08:29,640",5405,5405,0.000451,0.000499,0.657338,0.641998,0.795657,0.780139
"2026-02-02 02:08:36,903",5410,5410,0.000451,0.000499,0.657276,0.641987,0.795603,0.780138
"2026-02-02 02:08:44,159",5415,5415,0.00045,0.000498,0.657272,0.642107,0.795609,0.780272
"2026-02-02 02:08:51,158",5420,5420,0.000451,0.000498,0.657232,0.642143,0.795565,0.780291
"2026-02-02 02:08:57,812",5425,5425,0.00045,0.000498,0.657288,0.642381,0.795612,0.780502
"2026-02-02 02:09:04,586",5430,5430,0.00045,0.000497,0.657319,0.642555,0.795642,0.780665
"2026-02-02 02:09:11,329",5435,5435,0.00045,0.000497,0.657278,0.642573,0.79559,0.780656
"2026-02-02 02:09:18,444",5440,5440,0.00045,0.000497,0.657205,0.642528,0.795517,0.780605
"2026-02-02 02:09:25,440",5445,5445,0.000451,0.000497,0.657132,0.642485,0.795464,0.780594
"2026-02-02 02:09:32,155",5450,5450,0.000451,0.000497,0.657097,0.642515,0.795426,0.780613
"2026-02-02 02:09:39,430",5455,5455,0.000451,0.000497,0.657055,0.642531,0.795409,0.78067
"2026-02-02 02:09:46,407",5460,5460,0.000451,0.000497,0.656951,0.642434,0.795315,0.780585
"2026-02-02 02:09:53,220",5465,5465,0.000451,0.000497,0.656833,0.642315,0.795203,0.780469
"2026-02-02 02:10:00,199",5470,5470,0.000451,0.000498,0.656717,0.642204,0.795089,0.780355
